"group","doc_id","unique_phrase_id","sentences","date"
1,202003251,"202003251_14","Nous avons 100 à 200 cas par jour depuis quelques semaines. Nous constatons une augmentation du nombre de cas au-delà de 70. La fin de la courbe, la tendance à la baisse, est due au fait que nous ne disposons pas de données comme auparavant. Environ 2500 cas en Suède, environ 40 décès, et l'unité de soins intensifs a traité jusqu'à présent 144 patients, certains sortis de l'hôpital, d'autres décédés. Les informations que nous recevons des régions et des soins intensifs indiquent que la pression se situe principalement à Stockholm. Il y a également une certaine pression dans d'autres grandes villes, dans le reste du pays, à l'exception de l'Östergötland et du Sörmland, les régions voisines, où la situation est plutôt calme. Mais il y a des signes de propagation dans toutes les régions du pays.","2020-03-25"
2,202003251,"202003251_22","En ce qui concerne les soins intensifs et l'âge, nous avons encore une forte proportion de personnes âgées de 50 à 59 ans, et nous pensons que cela est dû au fait que ce groupe a beaucoup voyagé. La plupart des cas restent dans ce groupe. Cela se traduit par un plus grand nombre de cas de soins intensifs dans ces groupes. Nous avons relativement peu de cas parmi les personnes âgées qui sont infectées, et pas mal de cas de soins intensifs dans ces groupes, où les gens sont très malades. Un message : il s'agit d'une maladie dangereuse, elle peut l'être même dans d'autres groupes, mais ceux qui sont traités en soins intensifs et qui sont plus jeunes s'en sortent pour la plupart et peuvent vivre en bonne santé par la suite. La maladie n'est pas aussi grave qu'elle en a l'air. Nous avons parlé des tests, de la raison pour laquelle la Suède en fait si peu. Nous en faisons de plus en plus chaque semaine. Nous testons autant que les laboratoires et les soins médicaux ont le temps de le faire, cela évolue de semaine en semaine. La pénurie ne se situe pas au niveau des laboratoires, nous proposons aux régions d'utiliser leurs ressources. Le problème n'est pas là pour l'instant, mais dans la mise en œuvre des soins de santé et dans la bonne gestion de ces derniers. Mais l'augmentation va se poursuivre. Nous ferons de plus en plus de tests. L'intérêt des tests est qu'ils influencent les actions. En ce moment, des tests ont lieu dans les régions, en particulier dans le domaine des soins de santé. Deuxièmement, le personnel travaillant avec les personnes âgées, afin de prévenir les infections. Dans la période actuelle, cela n'entraîne pas de changements dans la gestion. La stratégie de travail reste la même : Nous continuons à essayer de réduire la vitesse de propagation de l'infection. Pour ce faire, il faut rester à la maison si l'on est malade. Vous pouvez vous concentrer sur d'autres choses, penser à voyager, et surtout ne pas rendre visite à des parents âgés pendant la période de Pâques. Les grands rassemblements sont interdits. Ces derniers jours, nous avons parlé des réglementations relatives aux activités dans les bars, les restaurants et les cafés - nous pensons qu'il est bon de travailler à domicile, mais cela doit convenir aux employés et aux employeurs, et il est important d'avoir un dialogue. Comme vous le savez, les écoles secondaires et les universités font partie de celles qui enseignent à distance. La deuxième question est d'éloigner l'infection des personnes âgées, notamment pour les soins de santé. Elles ne finiront peut-être pas dans une unité de soins intensifs, mais si c'est le cas, ce sera beaucoup de temps, de ressources et de souffrances pour elles et leur entourage. Il est important de maintenir les structures, afin que moins de personnes soient touchées. C'est ce que nous essayons de faire, éviter les pics élevés qui nécessitent beaucoup de ressources de soins de santé et causent beaucoup de problèmes, mais plutôt aplanir la courbe pour que le système de soins de santé ait le temps de s'adapter et de fournir des soins de manière satisfaisante. Comme Anders Tegnell l'a décrit, la situation est inchangée dans les régions métropolitaines, qui comptent le plus grand nombre de cas, c'est l'image que nous donnent les équipes de gestion spéciales, les médecins et d'autres forums. Nous avons parlé de l'importance de coopérer avec l'administration suédoise du matériel de défense pour s'assurer que le matériel arrive aussi efficacement que possible. L'administration suédoise du matériel de défense a une compétence remarquable dans ce domaine et nous avons une bonne expérience de la coopération dans le passé. Le soutien apporté par les forces de défense aux soins médicaux est une autre preuve de cette bonne coopération, qui repose sur une longue expérience de confiance. Un exemple concret est la ressource d'assurance pour la Région Skåne - un renforcement de la médecine d'urgence qui a été développé au cours des années - mais qui est maintenant demandé de façon urgente - je le mentionne parce que cela viendra plus tard - la transition qui est actuellement en cours peut être renforcée avec plus de places dans les unités de soins intensifs - nous distribuons le personnel, et nous soutenons et soulageons le fardeau avec des contributions à d'autres activités - c'est aussi une assurance.","2020-03-25"
3,202003251,"202003251_55","Je tiens également à souligner le soutien mutuel des régions - aucune mesure nationale ne doit court-circuiter ce système, mais l'objectif de la mission nationale est de soutenir et de renforcer - et d'assurer la coordination nationale. Indépendamment de la mission du gouvernement et des besoins, le travail du Conseil national de la santé et du bien-être sera basé sur des faits et sur ce qui est rapporté - nous devons être en mesure de l'analyser afin de coordonner au niveau national dans cette situation. Ensuite, nous devons renforcer cela - j'ai pris l'exemple des travaux matériels - nous avons intensifié le travail sur les délais critiques avec le registre des soins intensifs et d'autres réseaux de référence, nous utilisons ce qui existe. Enfin, je voudrais souligner que le rôle de coordinateur national de toutes ces tâches inclut également le fait que lorsque nous recevons des informations confirmées de la part des organisations d'intervention d'urgence indiquant que davantage de clarté et de conseils avec des recommandations sont nécessaires, nous agissons en conséquence et fournissons un retour d'information aux régions. DE fait tout ce qui est en son pouvoir pour répondre aux besoins de la population et assurer la sécurité du personnel. Il est important d'être clair à ce sujet - de s'assurer que l'aide à la décision et les recommandations sont en place et qu'elles sont claires. Svante Werger, MSB : ""Nous nous efforçons maintenant de faire en sorte que l'ensemble de la société puisse faire face à une situation qui s'aggrave avec le temps, en particulier dans les activités socialement importantes. Nous identifions les lacunes et les besoins afin qu'un soutien soit mis en place - je tiens à remercier tous ceux qui y contribuent. Nous avons recommandé aux personnes âgées et à d'autres personnes de réduire leurs contacts avec les autres - cette recommandation est toujours d'actualité. Les autres citoyens et les municipalités sont donc plus sollicités - nous l'avons reconnu très tôt. Vendredi dernier, nous avons demandé de contribuer à une solution plus globale sur la manière dont les municipalités peuvent recevoir un soutien. Nous avons publié des informations sur la manière dont nous relevons le défi avec d'autres organisations, et je les partagerai avec certaines d'entre elles. Je m'arrêterai là, puis nous passerons aux questions, un peu plus rapidement car nous avons une autre présentation à faire. Nous commencerons par la première question, celle d'Ekot, qui s'adresse à l'Office national de la santé et de la protection sociale et qui porte sur l'équipement de protection des travailleurs de la santé, dont les stocks commencent à s'épuiser. L'objectif est que l'équipement de protection du personnel soignant ne soit pas épuisé. L'objectif est de travailler à la mise à jour des recommandations et de veiller à ce que les personnes qui ont besoin d'un équipement de protection puissent y avoir accès. Nous nous en assurons quotidiennement, nous sommes clairs à ce sujet. Nous ne disposons pas de stocks importants, mais nous recevons 6 à 8 appels par jour. Il n'y a pas de limite à l'équipement de protection, nous pouvons accélérer et mieux coordonner, c'est ce que nous faisons maintenant pour mieux redistribuer au niveau national afin qu'il n'y ait pas de pénurie"" - Il n'y a pas de durabilité, comme l'a dit le Conseil national de la santé et du bien-être lui-même, combien de temps peut-on continuer comme ça sans livraisons ? Il n'y a pas de durabilité, comme l'a dit le Conseil national de la santé et du bien-être, combien de temps peut-on continuer ainsi sans livraisons ? Ce que nous avons dit clairement, c'est que nous estimons avoir la capacité de soutenir ... Il y a beaucoup d'achats en cours. Je ne pense pas que nous devions penser au soutien du personnel. Nous sommes en train d'élaborer des recommandations actualisées sur la manière d'utiliser l'équipement de protection - nous avons commencé très haut, mais nous en avons appris davantage sur la maladie - afin de mieux cibler l'équipement de protection, ce qui est fait avec le Conseil national de la santé et du bien-être, nous ne recevons pas de signaux de problèmes aigus, mais l'équipement de protection devrait être utilisé là où il fait le plus de bien - et c'est le cas maintenant. Johan Nilsson, Tt, question à Anders Tegnell : De nombreuses personnes décédées auraient eu des maladies sous-jacentes, avec du diabète et de l'hypertension, mais c'est courant chez les personnes âgées. Savons-nous vraiment à quoi ces maladies ont contribué, ou sont-elles fortement surreprésentées ? Je ne sais pas vraiment ce que vous demandez - L'hypertension et le diabète sont considérés comme des facteurs de risque, mais comment savoir si tant de personnes dans ce groupe en sont atteintes ? Nous travaillons sur les données suédoises, heureusement nous avons assez peu de personnes décédées. Ce que nous constatons dans d'autres pays, c'est que le diabète augmente le risque, mais que c'est l'âge qui a un impact : sur l'ensemble des personnes atteintes de diabète, très peu meurent. Si j'ai un diabète de type 2, suis-je dans le groupe à risque ? Nous signalons les personnes de plus de 70 ans, d'autres peuvent être dans le groupe à risque, mais discutez avec votre médecin, ce n'est pas une maladie unique et il y a beaucoup d'indications que vous réagissez de la même manière qu'avec une grippe ordinaire. Si vous l'avez bien supportée, de nombreux éléments indiquent que vous pouvez y faire face. Il n'est pas nécessaire d'ajouter des mesures spéciales - La responsabilité, les gens disent que ce n'est pas suffisant.","2020-03-25"
4,202003251,"202003251_108","Nous devons réglementer et donner les bons conseils afin de réduire la propagation de l'infection. C'est l'idée et la stratégie qui sous-tendent notre action. Je crois qu'il s'agit d'une autre étude, qui a examiné des couples dont les deux membres sont atteints de la maladie, et dont l'un d'entre eux l'a contractée en premier, puis ils ont testé le temps nécessaire. - Je l'ai vu aussi. Notre statisticien l'a examinée et elle est basée sur le fait qu'il n'y a pas de chiffre noir, et il y a beaucoup de choses dans cette étude sur lesquelles vous pouvez réfléchir, à savoir si elle reflète la réalité"" - Il est peut-être temps de vous remercier pour cette présentation et d'inviter le groupe suivant. Après la présentation suivante, nous aurons l'occasion de faire des interviews. Nous avons joint Fredrik Lennartsson, chef de département à l'Association suédoise des autorités locales et des régions, Martin Ärnlöv de la Croix-Rouge et Georgios Kontorinis de l'Association suédoise de protection civile. Merci beaucoup, voici les informations qui ont été publiées récemment, et elles se présentent comme suit, en résumé. Nous avons deux modèles différents qui, ensemble, fournissent une solution complète pour le soutien volontaire aux municipalités, en particulier pour les personnes âgées qui doivent réduire leurs contacts sociaux et ne peuvent peut-être pas obtenir le soutien de leur famille, de leurs voisins, etc. Le premier modèle consiste à promouvoir les groupes de ressources volontaires (GRV). Le premier modèle consiste à promouvoir les groupes de ressources volontaires (GRV), qui sont établis dans 155 municipalités (couleur bleue sur la carte) et qui constituent un concept de soutien collectif aux municipalités, un soutien bénévole. Toutefois, les volontaires peuvent provenir de n'importe quelle organisation de défense, et pas seulement de l'Association suédoise de défense civile. Mais aujourd'hui, nous jouons un rôle de coordination nationale dans le cadre de la gestion de la couronne. Nous veillons également à ce qu'il y ait un bureau de coordination, afin que toutes les organisations puissent s'impliquer de manière adéquate. Le second modèle est davantage une solution d'urgence, pour les municipalités qui ne disposent pas d'un groupe de ressources volontaires ou qui n'ont pas résolu la question de la coordination de crise. ""Nous avons fait une déclaration d'intention commune avec l'Association suédoise des autorités locales et régionales, la Confédération suédoise des sports, Save the Children, l'Église de Suède, la Croix-Rouge et les Missions municipales suédoises. Il s'agit d'une offre qui peut être lancée pour les municipalités qui veulent commencer, c'est donc une volonté de commencer, pour les municipalités qui veulent un soutien et une structure. La Croix-Rouge est coordonnée au niveau national, et la responsabilité locale peut varier entre les organisations, en fonction des conditions locales. Je donne la parole à l'Association suédoise de protection civile, puis à la Croix-Rouge, qui peuvent nous dire comment ils envisagent le travail à la lumière de l'accord et de la déclaration commune, et ensuite l'Association suédoise des autorités locales et des régions fera des commentaires. Nous passerons ensuite aux questions. Lors des entretiens individuels, nous aurons l'occasion de nous entretenir avec des représentants de l'Église de Suède, de la Confédération suédoise des sports, de l'armée de l'air suédoise et de Save the Children. ""Je pense qu'il s'agit d'une mobilisation sociale formidable dans cette situation. Merci beaucoup, Georgios Kontorinis, en coopération avec l'Association suédoise des autorités locales et régionales, la Croix-Rouge et d'autres organisations, nous faisons tout ce que nous pouvons pour réduire la propagation du coronavirus et accroître la sécurité des personnes âgées et d'autres groupes à risque dans la société. L'accord signé entre MSB et l'Association suédoise de défense civile renforce considérablement les groupes de ressources volontaires qui existent dans plus de la moitié des municipalités suédoises. Ils sont composés de volontaires formés qui, sous les auspices de la municipalité, apportent un soutien à la société en cas de crise et d'autres événements extraordinaires, comme l'ont montré les incendies de forêt dans le Westmanland en 2011 et l'afflux de migrants en 2015. À quoi peuvent servir les RFA ? Eh bien, à des efforts de communication, à un soutien à l'information dans les soins aux personnes âgées, à un simple soutien humain. L'administration, l'interprétation, le rôle de bras et de jambes supplémentaires pour les municipalités. Quelques exemples concrets : livraison à domicile de médicaments sans ordonnance à Älvkarleby, Uppsala, Norrtälje et Kungälv. Marti n Ärnlöv, secrétaire général de la Croix-Rouge suédoise, les efforts des volontaires sont spontanément activés en temps de crise dans les maisons, les gens s'en soucient davantage. Ce que nous avons devant nous, c'est une période où des personnes appartenant à des groupes à risque, âgées de plus de 70 ans, qui se sentent généralement en bonne santé, sont maintenant isolées, et nous avons, de plusieurs côtés, avec la MSB et l'Association suédoise des autorités locales et des régions, besoin de trouver un autre moyen de coopérer. Save the Children, la Croix-Rouge, la City Mission, l'Église de Suède et la Confédération suédoise des sports coopèrent avec la municipalité pour mobiliser des bénévoles locaux, connus sur place et dans la localité pour ce type d'effort de soutien dans une situation où soit il n'y a pas de groupe de ce type, soit il ne fonctionne pas. Je pense que cet effort va prendre de l'importance dans la période à venir, nous sommes prêts à trouver une coordination locale, quelle que soit l'organisation la plus forte localement pour l'organiser sur place, et la Croix-Rouge suédoise promet d'avoir un rôle global, nous allons bien gérer cela, nous sommes fortement motivés par le fait de ne laisser personne seul, nous pensons que nous pouvons aider à construire un ciment ici ensemble. -Nous, les municipalités et les régions de Suède, avons vu que la pression augmente lorsque les personnes âgées et d'autres ont besoin d'aide pour faire leurs achats lorsqu'elles doivent rester à la maison. Les municipalités ont besoin d'être soulagées afin de pouvoir offrir à ces personnes un soutien à domicile grâce à des services plus simples. Nous sommes donc très heureux que les principaux représentants de la société civile aient accepté de résoudre et de renforcer l'aide apportée à ceux qui en ont besoin. Je suis d'accord avec MSB pour dire que c'est une excellente chose, une manifestation pour résoudre ce problème. 1,5 million de personnes ont plus de 70 ans, nous voyons un risque qu'elles doivent se tourner vers un service de soins à domicile déjà fortement sollicité, qui est accablé par des congés de maladie élevés, nous avons donc contacté la Croix-Rouge pour trouver des moyens d'y parvenir ensemble - c'est la raison pour laquelle nous sommes ici aujourd'hui. C'est extrêmement gratifiant, à la fois précieux pour ceux qui en ont besoin et un soulagement bienvenu pour les municipalités, et une manifestation du fait que nous nous unissons. Merci. Des questions ? Exactement, nous répondons aux questions si quelqu'un en a.","2020-03-25"
1,202003301,"202003301_18","Parmi les patients des unités de soins intensifs, la situation est plus claire, ici nous regardons la proportion, plus claire, comme vous pouvez le voir, beaucoup plus d'hommes que de femmes qui reçoivent des soins intensifs - nous n'avons pas encore de bonne explication à ce sujet. C'est peut-être la chose la plus importante que nous ayons apprise ces derniers jours - parmi les nombreuses discussions sur la manière dont les équipements de protection devraient être utilisés dans les soins de santé. Il est important de l'actualiser en fonction de l'évolution des connaissances. Il ne s'agit en aucun cas d'abaisser le niveau, mais de maintenir un niveau élevé pour le personnel, qui doit être dans cette situation, même si, en tant qu'individus, ils n'ont pas un risque énorme de tomber gravement malades, il est important qu'ils soient aussi en sécurité que possible. Les données ne sont pas basées sur les informations disponibles mais constituent une recommandation générale. Il s'agit toujours d'obtenir une courbe aussi plate que possible - cela y ressemble, nous travaillons dur pour qu'il en soit ainsi. Pour ce faire, nous nous basons sur les deux stratégies principales suivantes : si vous êtes malade, restez chez vous. Ensuite, nous collectons les arrivées et les activités des restaurants. La deuxième chose la plus importante est de réduire les risques pour les personnes âgées et les groupes à risque - ce sont les deux stratégies principales que nous espérons et qui jusqu'à présent nous ont donné une courbe relativement plate, si tout le monde peut suivre cela, alors nous aurons une courbe plate à l'avenir - c'est tout pour moi. Taha Alexandersson : Bonjour de la part du Conseil national de la santé et du bien-être, j'ai pensé vous donner une brève mise à jour de la situation nationale. Je voudrais commencer par parler de la situation du personnel - selon la préparation médicale en cas de catastrophe. La majorité d'entre eux sont en mode renforcement, ce qui signifie que les 21 régions procèdent à des ajustements considérables pour gérer les besoins en soins, comme nous l'avons vu à Stockholm, et comme ils nous l'ont expliqué lors de leurs conférences de presse. Le mode de renforcement concerne également les besoins futurs en matière de soins, de sorte que l'ensemble du roulement, même si la propagation de l'infection n'a pas atteint toutes les régions, comme c'est le cas à Stockholm, est basé sur le respect de la modélisation de l'Agence de santé publique. Plus précisément, les régions ont réduit les opérations chirurgicales non urgentes, qui ne constituent pas une urgence. Les salles d'opération sont reconstruites dans une certaine mesure pour les soins intensifs, et le personnel est recyclé et redéployé. J'en parle parce que cette reconversion et les travaux en cours mettent à rude épreuve de nombreuses catégories de personnel. Dans ce contexte, nous tenons à vous rappeler que tous les gouvernements doivent être en mesure d'assurer les soins à leurs propres résidents.","2020-03-30"
2,202003301,"202003301_83","Grâce à des formations de courte durée, certaines personnes pourraient se reconvertir et soulager les services de santé ou occuper des emplois dans l'industrie verte, ce qui serait favorable à l'économie. Comment pouvons-nous créer la durabilité ? C'est une question qui nous tient à cœur à la MSB. La semaine dernière, nous avons mis l'accent sur quelques domaines : comment protéger les soins de santé, par exemple, mais aussi d'autres choses. Que se passera-t-il si les écoles doivent fermer ? Nous avons décrit les soins nécessaires pour que les parents puissent s'occuper de leurs enfants. Nous avons insisté sur l'importance de la planification, afin que tout fonctionne en cas de pénurie de personnel ou d'autres situations susceptibles de se produire. Le travail est en cours et la DGSM dispose d'outils. Le troisième point concerne les personnes âgées et les autres personnes qui doivent agir pour minimiser les contacts et le risque d'infection. Nous avons mis l'accent sur la société civile, la Croix-Rouge, l'Église de Suède, les missions municipales et d'autres, derrière la dernière organisation, les 18 organisations de défense volontaires. Ensuite, la critique à la source - sur la prévention de la désinformation - nous devenons encore plus vulnérables dans cette situation, soyez vigilants si vous voyez des informations qui vous bouleversent ou vous rendent euphoriques. Nous avons atteint au moins la moitié de la population suédoise grâce à la publicité sur les médias sociaux. Cette semaine, nous serons encore plus visibles, car nous travaillons en étroite collaboration avec l'Agence suédoise de la santé publique et le Conseil social, et ce de plusieurs manières. Concentrez-vous maintenant : En partie sur un plan média large et complet où nous parlons d'information, de spots publicitaires, à la télévision, à la radio, dans la publicité, dans la presse du matin, dans le numérique, etc. Mais aussi la coopération avec un grand nombre d'organisations, d'associations de retraités et d'autres canaux plus ciblés, comme alkompis.se et Information Sweden - pour les nouveaux arrivants. Le contexte est le suivant : nous devons toucher tout le monde, de manière large. Et de manière plus ciblée, à ceux qui sont particulièrement difficiles à atteindre ou à influencer.","2020-03-30"
3,202003301,"202003301_106","Vous m'entendez ? Je suis de Dagens Etc. Une question pour l'Agence de santé publique de Suède. Depuis quelques semaines, nous voyons des cas dans des maisons de retraite en Europe où jusqu'à 20 personnes dans la même maison sont mortes du coronavirus. En Suède, il y a également plusieurs cas de ce type, dont certains sont décédés. Il y a jusqu'à 12 cas suspects. Comment l'Agence suédoise de la santé publique estime-t-elle que la Suède peut empêcher que des scénarios similaires se produisent ici, étant donné qu'il s'agit de groupes à risque ? Qu'est-ce qui distingue la Suède de la France et de l'Espagne ? Ensuite, il y a les logements pour personnes âgées, les sociétés de logement qui n'ont pas de personnel soignant, mais des espaces publics et des patients atteints de démence qui y vivent généralement. Comment les isoler en cas d'infection ? Existe-t-il des recommandations pour éviter qu'ils ne soient touchés ? ""Si nous commençons par la première question, nous disposons d'un certain nombre de recommandations et de conseils pour éviter la propagation de l'infection dans les maisons de retraite. Il est impossible qu'ils soient efficaces à 100 %. Jusqu'à présent, je pense que nous avons assez bien réussi en Suède, mais cela va changer. Il est tout à fait impossible d'éviter complètement les infections. Mais plus on travaille localement et plus on peut tester le personnel, plus l'isolation peut fonctionner, et nous envoyons également des dossiers d'information aux personnes âgées pour qu'elles comprennent mieux. En ce qui concerne les logements pour personnes âgées, nous leur donnons les mêmes conseils qu'aux personnes âgées en général. Il se trouve aussi que les responsables de ces maisons ont beaucoup de conseils à donner sur les demandes de réunions, même là. Je voudrais également ajouter que le Conseil national de la santé et du bien-être a émis des avis et des recommandations à l'intention des municipalités en matière de soins de santé et de logement des personnes âgées, mais qu'il faut aller plus loin. À partir de maintenant, nous prévoyons d'écrire un peu plus sur le travail des services sociaux lors de cette conférence de presse"" - Anders BOlling, DAgens News. Quelles sont les nouvelles recommandations en matière d'équipement de protection et qu'est-ce qui les sous-tend ? ""Lorsque l'on est confronté à une nouvelle maladie, on commence souvent par un niveau de protection élevé lorsqu'on ne sait pas grand-chose, mais on peut ensuite s'adapter. L'OMS est notre ligne directrice, car elle a de l'expérience, et nous nous basons sur elle. C'est avant tout le travail de l'OMS, il n'y a pas encore beaucoup de preuves scientifiques, mais l'OMS est la référence que nous avons ici, il est important que nous fassions à peu près la même chose qu'elle et que nous finissions par l'imiter. Concrètement, cela signifie qu'il existe une base - nous l'avons élaborée en dialogue avec les régions, de sorte qu'elle est développée et convertie en travaux pratiques pour l'équipement de protection dans chaque région - Est-ce que la question de savoir s'il faut utiliser des protège-dents est incluse dans les recommandations, c'est une question brûlante - Pas dans nos recommandations, elle sera élaborée en collaboration lors des discussions. Nous mettons en avant les données disponibles pour porter un jugement et les activités pour lesquelles différents types d'équipements peuvent être utilisés"" - Il y a un risque de crise de confiance, même si l'Agence de santé publique de Suède ne pense pas que les protège-dents sont nécessaires. Mais que se passe-t-il si le personnel le pense ?","2020-03-30"
4,202003301,"202003301_137","Il n'y a pas beaucoup de science, pourquoi ne pas inclure plus de protection ? Je n'ai pas dit qu'il n'y avait pas de science, il n'y a pas d'études scientifiques, c'est l'OMS qui a les meilleures connaissances à l'heure actuelle, et c'est ce qui est raisonnable. C'est ce qui est raisonnable. Aftonbladet, il y a eu des demandes politiques pour des tests de masse de la corona, est-ce prévu ? Nous travaillons avec les régions et le Conseil national de la santé et du bien-être sur les questions d'accessibilité, sur la façon de tester de plus en plus de personnes. Le nombre de personnes testées augmente. Il y a peut-être un potentiel. Mais cela doit être fait de manière organisée, car nous ne devons pas manquer de personnel dans les soins de santé, ces ressources ne doivent pas disparaître. Il faut pouvoir tester le personnel travaillant avec les personnes âgées, il y a encore du chemin à faire et il faut tester plus, on ne teste pas autant qu'il le faudrait. Il est certainement possible de gagner en efficacité en testant d'autres secteurs importants de la société et en veillant à ce qu'ils disposent d'un personnel suffisant, mais cette activité ne doit pas se faire au détriment des deux parties importantes. Nous aurons une réunion mercredi avec les acteurs qui ont des capacités de laboratoire, et toute la chaîne de tests doit être en place. C'est de cela que nous allons discuter, comment y parvenir sans détourner les ressources du service de santé"". Une annonce pourrait-elle être faite cette semaine ? ""Nous allons développer une stratégie, nous verrons. Le gouvernement pourrait proposer une mission, nous verrons à quoi elle ressemble. Nous y travaillons toujours, mais ce n'est pas fixé d'un jour à l'autre, c'est un processus important et compliqué, vous pouvez certainement augmenter le nombre, mais cela doit prendre du temps. -SVT, une question supplémentaire sur l'équipement de protection, à l'ambulance de Luleå, ils sont prêts à utiliser l'équipement de protection max 90 si les livraisons s'épuisent.","2020-03-30"
5,202003301,"202003301_158","Tout ce qui arrive part en même temps. Mais il ne faut pas oublier que la révision des recommandations, la connaissance de l'utilisation des équipements, etc. Si ce sont les ambulanciers ou le personnel médical qui ont besoin du matériel adéquat, ils doivent y avoir accès. Mais non, il n'y a pas de stocks importants et pas de durabilité ou d'approche à long terme. Ce qui entre sort aussi"" -News Aujourd'hui, le président de l'union municipale a alerté sur le manque d'équipement de protection et demande des informations lorsqu'il s'agit, par exemple, du personnel des soins à domicile, sur l'équipement de protection qu'ils doivent utiliser dans les maisons ou en dehors avec les utilisateurs. -Ce type d'information est en cours d'élaboration au niveau régional et municipal sous les auspices du Conseil suédois de la sécurité. Quand sera-t-il disponible ? Vous devrez demander au Conseil suédois de la sécurité, mais pour autant que je sache, il est pratiquement prêt. Je suis un représentant de la sécurité dans le domaine des soins aux personnes âgées, et je suis actif dans les municipalités. Comment puis-je assurer la sécurité de mes collègues ? Un exemple : dans mon bureau, il y a une personne infectée. On s'est interrogé sur l'équipement à utiliser. Mais si vous vous adressez au 1177, on vous dit qu'il faut attendre d'avoir des symptômes. Ne devriez-vous pas agir différemment pour prévenir le risque d'infection ou la propagation de l'infection dans la maison de repos ? Comment pensez-vous qu'il en soit ainsi ? Lorsqu'il y a une personne infectée, le personnel doit-il être testé ? Ne devriez-vous pas agir plus rapidement ?","2020-03-30"
1,202003311,"202003311_11","Si nous regardons plutôt la Suède, et le graphique que vous reconnaissez, les cas signalés par le système de santé : la petite courbe faible, la bleue là, elle est un peu faible pour être visible, mais c'est le nombre de personnes qui sont en soins intensifs. Environ 4 435 cas ont été signalés, dont 407 au cours des dernières 24 heures. d'après ces chiffres, 358 personnes sont soignées dans l'unité de soins intensifs, mais les chiffres varient quelque peu, car il arrive que des éléments soient signalés après coup et qu'il faille les compléter. Vous pouvez notamment constater que le nombre de personnes décédées par jour a été corrigé à l'envers, pour certaines barres. Comme je l'ai dit, il y a un certain retard dans la communication des données. Mais ce que nous savons aujourd'hui, c'est que 180 personnes sont décédées. Oui, la courbe a l'air d'aller dans ce sens, mais ne pensez pas aux derniers jours, ils changeront probablement par la suite. Si nous regardons l'incidence qui a été montrée hier, c'est par groupe d'âge, combien de personnes tombent malades dans un certain groupe d'âge. Pour 100 000 habitants, nous avons une prédominance de personnes âgées de 90 ans et plus. La tendance est que plus on est jeune, moins on a de risques. Ensuite, nous avons la répartition des patients en soins intensifs, ce qui est intéressant, car il s'agit d'une majorité d'hommes et nous n'avons pas d'explication. Cela continue. Les groupes d'âge sont les mêmes que dans les autres pays et les personnes les plus âgées ne sont probablement pas traitées en USI dans la même mesure. Notre stratégie globale reste d'aplanir la courbe des hospitalisations pour que le système de santé puisse faire face à la crise. Pour ce faire, nous essayons de réduire la vitesse de transmission. Le plus important est de recommander aux personnes âgées de se protéger, et nous les y aiderons. Dans ce cadre, le gouvernement a également décidé de mettre en place un ordre de restriction dans les maisons de retraite. Nous avons été chargés de développer le diagnostic de l'infection. La capacité de prélèvement d'échantillons a été augmentée et des efforts seront faits pour aller encore plus loin. Nous avons été chargés d'élaborer une stratégie nationale et de coordonner d'autres acteurs à cette fin. À l'avenir, le plus important est que les patients qui ont besoin d'être testés puissent l'être. Les personnes qui travaillent avec des malades doivent également pouvoir être testées afin de continuer à travailler avec des personnes malades. Enfin, nous espérons que d'autres groupes essentiels pourront être testés afin que les gens puissent continuer à travailler dans de bonnes conditions. Mais nous en saurons plus demain, nous avons une réunion de consultation avec les acteurs externes et les régions pour voir comment cela peut être organisé d'une bonne manière qui nous permette non seulement d'augmenter l'échantillonnage, mais d'une manière qui maximise l'effet de la lutte contre l'infection.","2020-03-31"
2,202003311,"202003311_112","D'où vient l'information ? Y a-t-il un but à la diffusion de l'information ? Suivez les conseils et les recommandations des autorités. Vous pouvez trouver des informations sur ce qui se passe sur krisinformation.se . Vous pouvez consulter le site web de l'autorité compétente. Si vous estimez que l'information n'est pas correcte ou si vous n'en êtes pas sûr, ne la partagez pas ! Respirez profondément et faites preuve d'esprit critique à l'égard des sources. Ne laissez personne vous contrôler - la vérité vous appartient - Questions - Oui, Expressen, demande Anders Wallensten. Sur le graphique, nous avons vu que le plus grand nombre de personnes traitées en soins intensifs sont des hommes de 60 à 69 ans, et on parle de personnes de plus de 70 ans. ""La plupart des personnes gravement atteintes sont encore plus âgées, mais nous voulons investir dans les soins intensifs et aider ceux qui font partie de ce groupe, c'est pourquoi nous commençons peut-être à 60 ans. Mais au niveau international, si vous regardez les chiffres, le risque majeur se situe à plus de 70 ans. Mais le fait que ce soit à un âge beaucoup plus jeune signifie qu'il est important d'investir des ressources, et de nombreuses personnes de ce groupe sont tombées malades. Nous avons alors beaucoup de personnes en soins intensifs -Ekot. Une question sur l'augmentation du nombre de tests en Suède, pour laquelle le gouvernement vous a demandé de développer une stratégie. Vous avez dit que ce n'était pas une fin en soi. Qu'est-ce qui va changer maintenant ? Nous en saurons plus après la réunion de demain et ainsi de suite. Mais d'une manière générale, on peut dire que nous avons été clairs sur le fait que nous voulions tester les personnes qui entrent dans le système de soins de santé et le personnel de santé afin que nous puissions bénéficier de soins de qualité avec le personnel en place.","2020-03-31"
3,202003311,"202003311_152","-TT, Lena Hallengren a dit que 20 à 30 000 tests par semaine, est-ce réaliste ? -Comme je l'ai dit, je ne veux pas anticiper la réunion de demain, mais avec une augmentation des ressources, j'espère que nous pourrons augmenter les chiffres des 10 à 12 000 tests que nous avons aujourd'hui. Nous devrons voir comment cela fonctionne dans la pratique. Mais l'ambition est d'augmenter."" -Le gouvernement a publié une prévision de chômage de 9 % en 2020. Quelles seront les conséquences pour la santé publique ?"" -Je ne suis pas vraiment en mesure de dire quelles seront les conséquences, mais c'est très difficile pour les personnes touchées. Nous devrons voir comment nous pouvons contrer les conséquences négatives, mais je ne peux pas répondre à cette question pour l'instant"" -Une dernière question sur l'injonction de ne pas faire. Je n'ai pas encore vu le texte, mais nous avons déjà un avis contre les visites inutiles aux personnes âgées et aux malades. Il s'agit d'une interdiction totale, d'une manière différente, mais vous devriez déjà penser de cette manière. Surtout si vous êtes malade. Même si les visites sont interdites, il est important que le personnel soit en bonne santé, afin d'éviter toute propagation. Nous espérons que nous pourrons désormais veiller à ce que les personnes qui travaillent ne propagent pas l'infection"" - The Evening Gazette, sera-t-il possible de tester si l'on a été malade et si l'on s'est rétabli, et pourquoi est-ce important ? Lorsqu'il existe des tests fiables permettant de déterminer si l'on a été malade et que le pronostic est correct, et que l'on sait que l'on a une certaine immunité, le risque d'être infecté et de contaminer quelqu'un d'autre est moindre. Si vous avez un rhume, ce n'est pas le cas. On peut ensuite l'utiliser pour voir si les gens reprennent le travail, par exemple, mais je laisse ceux qui travaillent avec la stratégie le faire"" - Télévision allemande, J'aimerais jeter un autre coup d'œil à d'autres pays et à la Suède. Le Danemark a annoncé hier que s'il gardait tout le monde enfermé jusqu'à Pâques, il pourrait faire quelque chose avec ses mesures.","2020-03-31"
1,202004011,"202004011_19","Cela peut susciter des inquiétudes, car la saison hivernale est sur le point d'y débuter. Nous pouvons imaginer que la situation sera difficile. En Suède, nous en sommes à près de 5 000 cas, et un peu plus de 500 nouveaux cas sont arrivés au cours des dernières 24 heures. Nous avons près de 400 personnes en soins intensifs. Nous nous trouvons maintenant dans une situation similaire à celle que nous avons connue il y a une semaine, où il semble que la courbe commence à monter de manière assez abrupte. Nous pensions alors que nous allions assister à une augmentation assez forte. Nous ne l'avons pas encore vue. Si vous regardez le dernier mois, la courbe est relativement plate. Mais nous devons nous en tenir aux recommandations de ne pas aller au travail tant que vous n'êtes pas malade, ou de ne pas rendre visite à vos parents âgés. Aujourd'hui, il y a encore plus de raisons de s'en tenir à ces recommandations pendant une semaine supplémentaire. Voici l'incidence dans différentes tranches d'âge. Le groupe des plus de 90 ans n'est pas très nombreux, mais en Suède, nous en sommes arrivés là où tant d'autres pays en sont arrivés, à savoir qu'il y a une prédominance des personnes âgées qui tombent malades. Étant donné que nous testons principalement les personnes qui entrent dans le système de soins de santé, il s'agit d'une image de ceux qui sont vraiment malades. Nous ne voyons pas beaucoup ceux qui sont légèrement malades. C'est une évolution malheureuse. Plusieurs maisons de retraite nous signalent qu'elles commencent à voir des cas. Nous devons y réfléchir davantage. Nous avons parlé hier des ordonnances restrictives dans les maisons de retraite, il y a des raisons de s'en tenir à cela. Les patients des unités de soins intensifs ont un aspect différent. Comme je l'ai dit, ils sont considérablement plus jeunes que ceux qui meurent.","2020-04-01"
2,202004011,"202004011_43","En particulier à Stockholm, qui a publié ses propres informations à ce sujet. Il y a un retard assez important dans les rapports, qui n'arrivent pas aussi rapidement que le reste des rapports. Ce que nous voyons, c'est que ceux qui ajoutent à la liste des personnes décédées ne sont pas seulement ceux qui sont morts la veille, mais aussi ceux qui sont morts la semaine précédente. Certains cas s'étalent sur une semaine entière. Il y a un groupe de piles qui sortent du lot. La cinquantaine de nouveaux cas recensés aujourd'hui s'étalent sur la semaine écoulée. Stockholm a examiné de plus près la situation et vérifie si toutes les personnes diagnostiquées sont décédées dans le registre des décès. Cela signifie que nous aurons à l'avenir un nombre de décès apparemment plus élevé qu'auparavant. Les personnes décédées sont principalement des personnes très âgées, comme c'est le cas dans d'autres pays. Le fait qu'il y ait ensuite des cas occasionnels dans d'autres groupes d'âge est normal lorsqu'il s'agit d'une maladie commune à tous les groupes d'âge. Il est important aujourd'hui de ne pas sortir de la courbe jaune, mais de continuer à rester sur la courbe bleue, afin que notre système de soins de santé ait la possibilité de soutenir cette évolution à l'avenir. N'oubliez pas de rester à la maison au moindre symptôme, et n'oubliez pas que nous devons protéger nos personnes âgées encore plus qu'aujourd'hui. Johan - Je vous remercie. Je voulais répéter ce que j'ai dit lors de la conférence de presse qui s'est tenue il y a une heure au siège du gouvernement, à savoir que nous avons décidé aujourd'hui de règlements et de conseils généraux concernant les mesures. Cela fait partie d'un ensemble plus large de règlements que vous avez vus. Le gouvernement a décidé d'abaisser le seuil d'organisation des rassemblements publics de 500 à 50 personnes. Des décisions ont été prises concernant les ordonnances restrictives dans les maisons de repos et les établissements de soins, à quelques exceptions près bien sûr, qui seront traitées au niveau local. Nous avons déjà été très clairs sur le fait que toutes les personnes qui présentent les moindres symptômes du COVID-19 doivent rester chez elles et éviter les contacts sociaux. Ces conseils et ces règlements visent à combler les lacunes des règlements. Nous avons déjà communiqué une grande partie de ces informations, par exemple sur notre site web, lors de conférences de presse, etc.","2020-04-01"
3,202004011,"202004011_153","Nous examinons la disponibilité des lits de soins intensifs et nous avons reçu plusieurs demandes de journalistes qui souhaitent obtenir cette image actualisée. Nous devons veiller à ce que les informations soient pertinentes et factuelles. Nous utilisons ces informations pour mettre en adéquation les besoins et les ressources disponibles, afin de pouvoir effectuer cette transition de la bonne manière. Il est important pour nous, comme pour tout le monde, de faire la distinction entre les faits, les suppositions et les opinions. Outre ce besoin de soins intensifs présenté dans les régions métropolitaines - où nous disposons des données les plus solides et dont la qualité est garantie par les régions de Stockholm et de Västra Götaland -, nous constatons qu'il existe un besoin plus important contre lequel nous nous mobilisons actuellement. Cela ne signifie pas que le plafond a été atteint dans quelque région que ce soit, mais il s'agit d'une phase préparatoire, au cours de laquelle certaines régions peuvent avoir besoin d'assurer le transport ou d'autres choses de ce type. Ce travail bat son plein au sein de l'agence et avec les partenaires concernés - les conséquences sont la responsabilité de toutes les sections de la société, de tous les niveaux et de tous les individus. Lors de la conférence de presse, l'Agence suédoise des situations d'urgence civile a souvent parlé d'opérations essentielles. Il ne s'agit pas seulement du système de soins de santé, mais de toutes les activités socialement importantes, notamment dans les municipalités, les soins de santé municipaux, les soins aux personnes âgées et les services sociaux. Je veux vous dire comment nous travaillons ensemble pour parvenir à une bonne solution commune et obtenir une image de ce à quoi ressemble l'accès à l'équipement de protection, par exemple. Depuis un certain temps, nous travaillons intensivement avec le Conseil national de la santé et du bien-être, les conseils administratifs des comtés, les régions et les municipalités pour créer une image de la situation dans le pays. Le Conseil national de la santé et du bien-être est chargé de veiller à ce que les questions posées aux municipalités nous fournissent les bonnes informations. Les conseils administratifs des comtés jouent un rôle important en tant que responsables géographiques au niveau régional et en tant que lien entre les autorités et les municipalités. Ils nous aident en nous fournissant leurs évaluations. Ils représentent les régions et les municipalités afin de s'assurer que tous les acteurs prennent leurs responsabilités dans ce problème commun et coopèrent pour trouver une bonne solution. Nous travaillons rapidement pour répondre aux besoins existants. Comme je l'ai dit au début, ce problème affecte l'ensemble des activités de la société.","2020-04-01"
4,202004011,"202004011_191","Nous sommes conscients qu'il y a eu beaucoup de discussions à ce sujet et nous allons dialoguer avec les régions pour trouver une façon commune de traiter cette question, où toutes les parties sont impliquées. Avant tout, les employés devraient être confiants qu'il s'agit des meilleures décisions disponibles aujourd'hui, basées sur l'expérience dans le monde. - Pensez-vous qu'il est raisonnable que les différentes régions évaluent différemment ? Qu'il y ait des expériences différentes parmi le personnel, que dans certains endroits on ne veuille pas qu'ils utilisent des masques, peut-être parce qu'ils n'existent pas, mais aussi parce qu'ils ne sont pas recommandés ? - Non. Je pense que la chose la plus importante est d'obtenir un bon ancrage local. L'accessibilité n'a pas du tout joué un rôle dans les discussions que nous avons eues jusqu'à présent. Il peut y avoir des situations où c'est accessible, et alors vous pouvez avoir besoin d'un plan B. Mais il est important de pouvoir avoir des discussions au niveau local et nous veillerons ensemble à ce que les discussions démarrent afin que le personnel puisse se sentir confiant qu'il y a une bonne base."" - Une dernière question pour Johan Karlsson. Ils ne veulent pas que les personnes âgées de plus de 70 ans sortent autant. Les médecins et le personnel de santé pourraient-ils leur rendre visite à domicile afin qu'ils ne sortent pas pour d'autres maladies, etc. Nous aimerions qu'ils sortent, mais pas en même temps que les autres. Quant aux visites à domicile en cas de besoin, je pense que c'est une question locale, mais je ne pense pas que le système de santé ait cette capacité aujourd'hui. Les visites à domicile sont exigeantes. Certains ont déjà des visites à domicile pour certaines maladies. Dans certaines parties du pays, vous pouvez certainement le faire, mais je ne pense pas qu'il faille le recommander en général. Cela demande beaucoup de ressources de la part du système de soins de santé. Si des visites à domicile sont nécessaires, il y a généralement des ressources pour cela, mais il faut trouver un équilibre en fonction de la situation - Une question de Tt.","2020-04-01"
5,202004011,"202004011_214","Nous n'avons pas atteint le plafond. Lorsque nous serons sûrs de pouvoir communiquer à quel point nous sommes proches du plafond et que nous aurons vraiment travaillé sur la base de la modélisation et des besoins nécessaires, nous communiquerons les informations pertinentes. Nous sommes sûrs que nous n'avons pas atteint le plafond. Si vous souhaitez plus de détails, nous vous demandons de soumettre les questions et nous évaluerons s'il s'agit d'informations pertinentes à divulguer - J'ai une question sur les ordonnances restrictives dans les maisons de repos. Les visiteurs aident dans une assez large mesure ? dans certains cas en encourageant leurs proches à manger, etc. Les maisons de repos reçoivent-elles un renforcement pour couvrir cela ? - Je ne peux pas répondre à cette question, si c'est structuré de cette manière - le soutien, c'est-à-dire. Je devrai revenir vers vous sur la façon dont nous soutenons, dans ce cas avec un soutien structuré pour les aider dans la maison de repos. Ce que je sais, c'est que l'un des moyens de renforcer les soins et les soins aux personnes âgées est de faire appel à des bénévoles et à d'autres catégories de personnel pour les aider. Mais je devrai revenir plus précisément sur ce point. Question de SvD à l'Agence suédoise de la santé publique. De nombreux membres du personnel soignant ne se sentent pas en sécurité. Les médecins et les infirmières s'inquiètent des équipements de protection. Ils ne comprennent pas sur quoi vous fondez vos recommandations - que voulez-vous leur dire, Anders Tegnell ? Pour eux, il est important que - tout le monde soit impliqué dans le dialogue au niveau local, avec les employeurs et les représentants de la sécurité et autres, afin de développer la manière d'examiner les recommandations et d'élaborer des lignes directrices au niveau local. Nous poursuivrons cette activité, d'abord avec les grandes régions, puis avec d'autres. Il est important de structurer l'information et la communication avec les professionnels de la santé de manière adéquate.","2020-04-01"
6,202004011,"202004011_252","Nous examinons la disponibilité des lits de soins intensifs et nous avons reçu plusieurs demandes de journalistes qui souhaitent obtenir cette image actualisée. Nous devons veiller à ce que les informations soient pertinentes et factuelles. Nous utilisons ces informations pour mettre en adéquation les besoins et les ressources disponibles, afin de pouvoir effectuer cette transition de la bonne manière. Il est donc important pour nous, comme pour tout le monde, de faire la distinction entre les faits, les suppositions et les opinions. Outre les besoins en soins intensifs présentés dans les régions métropolitaines - où nous disposons des données les plus solides et dont la qualité est garantie par les régions de Stockholm et de Västra Götaland - nous constatons qu'il existe un besoin plus important pour lequel nous nous mobilisons à présent. Cela ne signifie pas que le plafond a été atteint dans quelque région que ce soit, mais il s'agit d'une phase préparatoire, au cours de laquelle certaines régions peuvent avoir besoin d'assurer le transport ou d'autres choses de ce type. Ce travail est en cours au sein de l'agence et avec les partenaires concernés"" ""Les conséquences relèvent de la responsabilité de tous les secteurs de la société, des niveaux et des individus. Ici, à la conférence de presse, l'Agence suédoise des situations d'urgence civile a souvent parlé d'opérations essentielles. Il ne s'agit pas seulement du système de soins de santé, mais de toutes les activités socialement importantes, notamment dans les municipalités, les soins de santé municipaux, les soins aux personnes âgées et les services sociaux. Je voudrais vous dire comment nous travaillons pour parvenir à une bonne solution commune et obtenir une image de la disponibilité, par exemple, de l'équipement de protection. Depuis un certain temps, nous travaillons intensivement avec le Conseil national de la santé et du bien-être, les conseils administratifs des comtés, les régions et les municipalités pour créer une image de la situation dans le pays. Le Conseil national de la santé et du bien-être est chargé de veiller à ce que les questions posées aux municipalités nous fournissent les informations correctes. Les conseils administratifs des comtés jouent un rôle important en tant que responsables géographiques au niveau régional et en tant que lien entre les autorités et les municipalités. Ils nous aident en nous fournissant leurs évaluations. Ils représentent les régions et les municipalités afin de s'assurer que tous les acteurs prennent leurs responsabilités dans ce problème commun et coopèrent pour trouver une bonne solution. Nous travaillons rapidement pour répondre aux besoins existants. Comme je l'ai dit au début, ce problème affecte l'ensemble des activités de la société.","2020-04-01"
1,202004021,"202004021_10","Nous approchons rapidement du million de cas dans le monde, dont un peu moins de la moitié en Europe. Près de 50 000 décès dus à l'infection ont été enregistrés dans le monde. Il s'agit toujours d'un problème de santé très grave avec lequel nous devons vivre. 5 500 nouveaux cas ont été enregistrés au cours des dernières 24 heures, soit l'un des plus importants jamais enregistrés en 24 heures. Un peu plus de 400 personnes se trouvent dans des unités de soins intensifs dans tout le pays, la plupart dans la région de Stockholm, mais aussi dans le Sörmland, à Uppsala et dans toute une partie de l'Östergötland. Comme vous pouvez le voir sur le graphique, nous avons atteint un nouveau niveau de cas. Nous sommes maintenant entre 400 et 500 cas par jour, quelques jours de suite. Malheureusement, nous avons établi un nouveau niveau de cas, et il se maintiendra à ce niveau pendant un certain temps. Il est important que chacun prenne ses responsabilités lorsqu'il est à la maison et malade - et qu'il essaie de travailler à domicile et de penser à protéger les personnes âgées. La courbe pour l'unité de soins intensifs que vous voyez ci-dessous, en noir, est celle des nouvelles admissions. Elle est assez plate. Il y a pas mal de nouvelles personnes qui arrivent à l'USI chaque jour, mais jusqu'à présent, il n'y a pas beaucoup de personnes qui quittent l'USI. Cela signifie que la pression augmente continuellement, mais jusqu'à présent, nous pouvons y faire face. Si tout se passe comme prévu, la River Sea Fair ouvrira ses portes aujourd'hui, ce qui augmentera la capacité d'accueil. Mais nous sommes inquiets pour ce groupe de personnes âgées. Comme vous pouvez le voir, la courbe jaune, qui représente les personnes âgées, commence à remonter. La courbe noire - la moitié des cas admis dans le système de soins de santé sont des personnes âgées. 200 cas au cours des dernières 24 heures. C'est regrettable. Nous avons des signaux en provenance de Stockholm, mais aussi d'autres régions du pays, selon lesquels l'infection se propage dans les maisons de repos. Cela a un impact sur ce point, mais aussi sur la mortalité, en plus de toutes les souffrances personnelles que cela entraîne, car ces personnes tombent malades et décèdent. Poursuivons sur le même thème. La proportion dans les différents groupes d'âge - il est clair que c'est à partir de 70 ans que la proportion augmente rapidement. Il y a un peu plus d'hommes, mais la différence n'est plus si grande. Il s'agit de la proportion, pas du nombre. Le nombre de personnes décédées augmente aussi maintenant. C'est assez prévisible étant donné que nous avons beaucoup de personnes âgées qui tombent malades, et que c'est aussi là que se trouve la majeure partie de la mortalité. Nous en sommes maintenant à environ 25-30 nouveaux décès par jour. Il y a donc beaucoup d'arriérés. Nous avons entamé un processus d'assurance qualité de ces chiffres et vérifions dans le registre des décès si le décès a été causé par le COVID-19. Mais nous obtenons les chiffres avec un certain retard. Une fois encore, ce sont les personnes âgées - plus de 70 ans - qui non seulement tombent malades, mais qui meurent aussi dans une large mesure. Pour protéger les personnes âgées, nous devons aplatir la courbe. Nous y sommes parvenus jusqu'à présent, la courbe continue de monter, mais dans l'ensemble, elle est plate. Il est important que nous nous aidions tous à y rester. Nous disposons d'un nouveau règlement et d'un nouveau conseil général. Il s'agit de garder ses distances, de prendre ses distances personnelles - et de prendre ses distances sociales, de réduire les contacts sociaux. On reste à la maison si l'on est malade, c'est la base. Une bonne hygiène des mains dans la société en général est également bonne. Ce sont les parties que nous avons principalement regroupées - les recommandations que nous avions, dans un règlement. Nous y soulignons à quel point il est important pour les personnes de plus de 70 ans d'examiner les conseils généraux.","2020-04-02"
2,202004021,"202004021_66","Nous continuons à travailler activement pour répondre à la demande de soutien émanant de la région de Stockholm. Outre la contribution importante et concrète pour essayer de coordonner la contribution avec les ressources nationales de préparation à la crise avec la foire d'Älvsjö, nous vous demandons de les contacter pour savoir quand il est pertinent de la mettre en œuvre. Nous avons fourni des ventilateurs, des lits et des équipements de protection supplémentaires, et nous entretenons un dialogue quotidien avec la région de Stockholm afin de pouvoir apporter un soutien approprié. Cela ne signifie pas que le Conseil national de la santé et du bien-être n'est pas en mesure de répondre à tous les besoins de la région de Stockholm, ni qu'il le sera. Mais il ne faut pas croire que si nous ne pouvons pas nous occuper d'un problème, il est oublié. Nous essayons de soutenir les problèmes auxquels le personnel et d'autres personnes ont pu être confrontés, afin de pouvoir gérer la crise de la meilleure façon possible. Comme SKR, le conseil administratif du comté et aussi MSB. Nous continuons et devons continuer à renforcer la santé et les soins médicaux au niveau municipal. Nous devons continuer à renforcer les logements spéciaux pour les personnes âgées, les soins de santé à domicile, les logements - afin qu'ils puissent prendre en charge les personnes infectées par le covid-19. Surtout à cause des gros titres que nous voyons aujourd'hui et cette semaine. En plus de la formation déjà publiée sur l'hygiène médicale de base et l'utilisation d'équipements de protection appropriés pour le personnel, une formation sur mesure sera bientôt disponible pour le personnel et les logements pour les personnes âgées dans les logements LSS et les logements pour les personnes âgées. La réglementation sera l'un des thèmes les plus importants, que nous aborderons lors des conférences de presse, afin que vous puissiez obtenir des informations à ce sujet. La distribution d'équipements et de matériel de protection aux 290 municipalités de la commune a été convenue. Les besoins critiques qui sont basés sur des analyses de besoins achevées, liées à une situation actuelle, peuvent être pris en charge sous peu. Nous sommes reconnaissants au conseil d'administration du comté d'avoir assumé le rôle de coordination afin que nous puissions soutenir 21 régions et 290 municipalités. Il existe encore des capacités supplémentaires pour fournir des soins intensifs dans toutes les régions, bien que le besoin d'expansion devienne critique dans certaines d'entre elles. Cela signifie qu'il faut reconstruire, accélérer le processus, faire tout ce qui est possible pour garantir davantage de respirateurs, d'ajustements, d'accès au personnel et faire en sorte que les ressources puissent être utilisées de manière adéquate pour les soins aux personnes gravement malades. Plus d'un tiers des lits de soins intensifs disponibles dans le pays, c'est-à-dire qu'il y a de l'équipement, du matériel et du personnel, ne sont pas attribués. Je voudrais ajouter que le calcul ne comprend pas les ressources d'assurance où les soins peuvent être fournis dans des zones plus vastes, telles que les hôpitaux de campagne, les foires commerciales, etc.","2020-04-02"
3,202004021,"202004021_94","À la MSB, comme je l'ai dit précédemment, nous avons réorganisé de larges pans de la société pour être en mesure de contribuer à la situation. Nous travaillons dur pour nous assurer que la société dans son ensemble est capable de faire face à la situation et même à une aggravation de la situation - qu'il y a une endurance au fil du temps, en particulier dans les opérations vitales, les choses qui doivent vraiment fonctionner ! Nos opérations régulières sont adaptées, par exemple en adaptant le soutien en termes de gestion de la continuité, de sorte que tous ceux qui travaillent dans ce domaine puissent planifier une aggravation de la situation, par exemple une réduction du personnel. En ce qui concerne le matériel de soutien pour les personnes travaillant à distance, nous soutenons également les services d'urgence, en soulignant la nécessité de critiquer les sources et la vulnérabilité accrue aux rumeurs et à la désinformation. Nous surveillons également l'impact de l'information sur la Suède. En termes de gestion opérationnelle, j'aimerais souligner les exemples suivants de notre travail en cours : nous organisons des réunions de collaboration importantes avec les conseils administratifs des comtés et les autorités centrales au moins deux fois par semaine pour partager des images de la situation - liées à l'événement. Une fois par semaine, nous produisons un tableau de la situation nationale globale, dans lequel nous évaluons la situation. Nous soutenons également les organisations de lutte contre les infections dans différents domaines. Nous surveillons la structure globale que nous avons créée pour obtenir le soutien du mouvement bénévole, de la société civile, des municipalités en termes d'aide aux personnes âgées, etc. Nous menons des initiatives d'information dans le cadre de la mission d'information nationale pour réduire la propagation de l'infection. Nous sommes responsables de krisinformation.se - une information officielle complète sur le COVID-19. Nous effectuons des analyses approfondies et nous nous tournons vers l'avenir : Sur quoi la société aura-t-elle besoin d'informations dans quelques semaines ou quelques mois ? En outre, nous menons des initiatives de soutien concrètes en fournissant du matériel et du personnel. La DGSM soutient plusieurs autorités en leur fournissant des ressources humaines, telles que des communicateurs de crise, des secrétaires de presse, des agents de liaison, des analystes, etc. Nous avons livré des tentes à Värmland et Uppsala, qui peuvent être placées à l'extérieur des hôpitaux et procéder aux premières évaluations des patients afin de les transférer en toute sécurité vers le système de santé. Nous sommes prêts et avons la capacité de mettre en œuvre d'autres mesures de soutien si nécessaire et, bien sûr, nous nous efforçons d'utiliser les ressources d'autres personnes pour qu'elles aboutissent au bon endroit. Nous nous efforçons de faire en sorte que la société dans son ensemble puisse gérer la situation de manière durable au fil du temps.","2020-04-02"
4,202004021,"202004021_159","Cela dépend de la façon dont on compte. Si nous comptons le même nombre de personnes qui tombent malades à cause de la grippe saisonnière ordinaire et que nous le comparons au COVID-19, nous ne constatons pas de différences majeures. Nous constatons également que des personnes meurent de la grippe ordinaire à un jeune âge, mais cela n'est pas reconnu"" -Gothenburgsposten, vous avez tenu une réunion hier sur l'élargissement des tests. Nous avons reçu une mission du gouvernement sur cette question, que nous sommes en train d'analyser. Je n'ai pas participé à la réunion, mais des solutions auraient dû être trouvées. Cela ne se fera pas en un jour, mais il est important de mettre en adéquation les moyens mis à disposition, du côté des laboratoires, avec les moyens mis à disposition du côté des soins de santé. Ce travail a commencé. Nous continuerons à donner la priorité au dépistage de toutes les personnes qui se présentent aux services de santé avec des symptômes. Cela nous permettra de mieux tester les personnes qui travaillent avec les personnes âgées - c'est très bien, et ce sera une priorité. Ensuite, nous examinerons les possibilités et les besoins des différents secteurs socialement importants à tester. Mais c'est un grand appareil"" - Ekot ici : Un tiers des personnes en maison de retraite sont infectées, montre Ekot... - Un tiers des maisons de retraite de Stockholm ont eu des cas, je crois. C'est une grande différence - Il y a aussi un grand nombre de cas confirmés dans les services de soins à domicile. La stratégie de l'Agence de santé publique a été de construire un mur autour des personnes âgées, cela n'a pas fonctionné, quelle est la gravité de la situation ? - Très grave, bien sûr. Il est important que tous ceux qui travaillent dans ces secteurs le reconnaissent et s'en accommodent. Il n'est probablement pas possible d'atteindre le niveau zéro, mais il y a des améliorations à apporter, c'est clair."" ""Vous ne savez pas vraiment pourquoi les personnes âgées sont infectées. Est-ce dû aux visites ou au manque d'équipement de protection ?"" ""Ce n'est pas nous qui examinons la question, ce sont les régions qui font ce genre d'enquête. Nous n'avons reçu aucun résultat de ce genre d'enquête. Mais nous avons un dialogue continu à ce sujet, parce que c'est la base pour discuter de la façon de s'améliorer. Même si le problème n'est pas aussi grave dans d'autres régions du pays qu'à Stockholm, il peut y avoir des problèmes similaires. Y a-t-il lieu de fixer des exigences plus claires en matière d'équipement de protection dans les maisons de repos ? Nous ne savons pas si c'est l'équipement de protection qui pose problème. L'expérience montre qu'il n'y a pas d'exigences particulièrement élevées en matière d'équipement de protection dans cet environnement particulier.","2020-04-02"
1,202004031,"202004031_9","Une grande partie de l'épidémie s'est déclarée en Europe, mais comme vous le savez probablement, il y a beaucoup d'infections aux États-Unis. Cela changera probablement à l'avenir. Si nous regardons la Suède, nous constatons qu'il y a un peu plus de 6 000 cas. La courbe continue à monter, comme nous l'avons dit ces derniers jours. Cependant, vous pouvez voir les soins intensifs, il y a beaucoup de personnes traitées, mais ils n'augmentent pas au même rythme selon ce graphique en tout cas. Il y a une certaine différence. 469 personnes ont été traitées en soins intensifs au cours des dernières 24 heures. Il ne faut toutefois pas oublier qu'il y a un certain délai. En ce qui concerne l'incidence des personnes touchées, réparties par sexe et par âge, ce sont les plus âgés qui sont les plus touchés. Il y a également une certaine prépondérance d'hommes, mais heureusement beaucoup moins dans les autres tranches d'âge. En ce qui concerne le nombre de personnes décédées, il y a un retard à rattraper, de sorte que les dernières données ne sont pas complètes. Nous pouvons supposer une augmentation. 333 personnes sont décédées. Il en manque 12 dans le graphique qui n'ont pas encore été datés. Mais un total de 333, c'est exact. Par groupe d'âge, nous pouvons également constater que les personnes les plus âgées sont les plus touchées. Nous montrons ce graphique à propos de notre stratégie - il est important de maintenir la courbe vers le bas et de réduire la hauteur afin que le système de santé puisse faire face à l'épidémie. Nos conseils au public n'ont pas changé, mais la chose la plus importante est de rester à la maison si vous êtes malade. Si vous avez plus de 70 ans, même si vous n'êtes pas malade, vous devez éviter les contacts étroits pendant cette période. Vous pouvez vous promener au soleil, ce qui est une bonne chose, mais vous devez éviter les contacts étroits avec les autres. Vous réduirez ainsi le risque d'être vous-même touché. En Suède, chacun a la responsabilité de contribuer à la lutte contre cette épidémie en empêchant la propagation de l'infection. Nous le faisons par l'hygiène des mains, en gardant nos distances au sein de la communauté et dans des lieux tels que les gymnases, les magasins, les bibliothèques, etc. Nous nous abstenons de participer à des événements sociaux importants, tels que les fêtes et autres.","2020-04-03"
1,202004061,"202004061_11","En outre, l'Amérique du Sud semble enregistrer de plus en plus de cas. En Suède, c'est un peu comme d'habitude, allais-je dire. Il y a eu pas mal de cas pendant le week-end et aujourd'hui. Mais il faut interpréter cela avec prudence, car nous savons que les rapports seront moins nombreux pendant le week-end, en raison d'un personnel moins nombreux. Nous verrons après-demain ce qu'il en est. Vous pouvez voir que la ligne noire des cas de soins intensifs est à un niveau constant, avec à peu près le même nombre de cas hospitalisés chaque jour. Johanna Sandwall vous en dira plus à ce sujet tout à l'heure. On discute beaucoup du nombre de personnes qui meurent à Covid-19. Il n'est pas facile de répondre à cette question, car il s'agit de personnes âgées souffrant de nombreuses maladies, et il y a aussi un retard dans les rapports, de sorte qu'il n'est pas très intéressant de savoir combien de nouveaux cas nous voyons par jour, mais si nous regardons les derniers jours, nous pouvons voir un peu moins de 30 cas par jour pendant une semaine. C'est surtout au cours des derniers jours que cela s'est produit, parce qu'à Stockholm, le traitement de ces cas est plus rapide. Les chiffres s'améliorent, mais sont toujours en retard. Ils ne reflètent pas l'épidémie telle qu'elle est aujourd'hui, mais plutôt celle d'il y a trois semaines. Nous avons ajouté d'autres maladies pour montrer que ce que vous faites aujourd'hui dans la société a un impact. La ligne en pointillé représente les deux saisons précédentes, la rouge de l'année dernière et la bleue de cette année. Nos recommandations entraînent une interruption soudaine vers les semaines 8 et 9, ce qui n'avait jamais été le cas auparavant : l'éloignement social et le lavage des mains ont un effet important. Il en va de même pour la grippe hivernale : les différentes saisons se ressemblent, mais cette année, on observe une diminution rapide à peu près à la même période. Là encore, le nombre réduit de réunions et le lavage des mains ont un impact, et il serait étrange que cela n'ait pas aussi un effet sur le coronavirus.","2020-04-06"
2,202004061,"202004061_49","Ainsi, vous ne voyagerez pas avec une maladie, surtout pas à partir de Stockholm ou des régions voisines. Si vous avez plus de 70 ans, restez chez vous et réduisez au minimum vos contacts sociaux. Nous pouvons vous aider en prenant diverses mesures, telles que l'hygiène des mains et le maintien de la distance. Vous pouvez sortir, mais gardez vos distances. Les restaurants ont la responsabilité de maintenir une distance entre les clients à l'extérieur. Pour les grands rassemblements sociaux, il est préférable de les placer plus loin. Et réfléchissez à la possibilité de réserver un voyage pour Pâques prochain. Et c'est tout. Johanna Sandwall, s'il vous plaît - Je peux commencer là où vous vous êtes pratiquement arrêtée, à propos des municipalités, des services sociaux et des soins aux personnes âgées. Les programmes de formation produits par le Conseil national de la santé et du bien-être sur l'hygiène des soins de santé de base sont disponibles en plusieurs langues. Jeudi ou vendredi, 65 000 personnes avaient suivi ces cours, et leur nombre ne cesse d'augmenter. Ils sont disponibles sur le site web de la KI et sur le site de l'Office national de la santé et du bien-être - c'est un conseil. Commençons brièvement par l'état du système de santé : nous pouvons constater aujourd'hui qu'il y a beaucoup de travail à faire pour réorganiser les malades en phase critique. Aujourd'hui, il y a une augmentation de 80 % des lits d'hôpitaux. Ce travail va se poursuivre. Le travail se poursuit dans les régions pour créer des places de soins. Nous avons aujourd'hui une capacité libre de 20 % pour les soins aux personnes gravement malades.","2020-04-06"
