group,doc_id,unique_phrase_id,sentences,date,frame,check
1,202003251,202003251_36,"En ce moment, des tests ont lieu dans les régions, en particulier dans le domaine des soins de santé. Deuxièmement, le personnel travaillant avec les personnes âgées, afin de prévenir les infections. Dans la période actuelle, cela n'entraîne pas de changements dans la gestion. La stratégie de travail reste la même : Nous continuons à essayer de réduire la vitesse de propagation de l'infection. Pour ce faire, il faut rester à la maison si l'on est malade. Vous pouvez vous concentrer sur d'autres choses, penser à voyager, et surtout ne pas rendre visite à des parents âgés pendant la période de Pâques. Les grands rassemblements sont interdits. Ces derniers jours, nous avons parlé des réglementations relatives aux activités dans les bars, les restaurants et les cafés - nous pensons qu'il est bon de travailler à domicile, mais cela doit convenir aux employés et aux employeurs, et il est important d'avoir un dialogue. Comme vous le savez, les écoles secondaires et les universités font partie de celles qui enseignent à distance. La deuxième question est d'éloigner l'infection des personnes âgées, notamment pour les soins de santé. Elles ne finiront peut-être pas dans une unité de soins intensifs, mais si c'est le cas, ce sera beaucoup de temps, de ressources et de souffrances pour elles et leur entourage. Il est important de maintenir les structures, afin que moins de personnes soient touchées. C'est ce que nous essayons de faire, éviter les pics élevés qui nécessitent beaucoup de ressources de soins de santé et causent beaucoup de problèmes, mais plutôt aplanir la courbe pour que le système de soins de santé ait le temps de s'adapter et de fournir des soins de manière satisfaisante. Comme Anders Tegnell l'a décrit, la situation est inchangée dans les régions métropolitaines, qui comptent le plus grand nombre de cas, c'est l'image que nous donnent les équipes de gestion spéciales, les médecins et d'autres forums. Nous avons parlé de l'importance de coopérer avec l'administration suédoise du matériel de défense pour s'assurer que le matériel arrive aussi efficacement que possible. L'administration suédoise du matériel de défense a une compétence remarquable dans ce domaine et nous avons une bonne expérience de la coopération dans le passé. Le soutien apporté par les forces de défense aux soins médicaux est une autre preuve de cette bonne coopération, qui repose sur une longue expérience de confiance.",2020-03-25,Mitigation,1
1,202003301,202003301_79,"Si l'on regarde le nombre de personnes inscrites auprès du service public de l'emploi suédois en décembre 2019 et à la fin de l'année, il y avait environ 30 000 inscrits, et en mars il y en avait 38 000. Une augmentation, mais rien de spectaculaire pour l'instant. Il est difficile de dire combien il y en aura au final. Il est important de rappeler qu'il y a du travail, surtout dans les soins de santé, car on a besoin de beaucoup de monde, et il y a aussi des malades, mais aussi dans l'entreposage, les caissiers et les industries vertes, où il y a un besoin de main d'œuvre. Grâce à des formations de courte durée, certaines personnes pourraient se reconvertir et soulager les services de santé ou occuper des emplois dans l'industrie verte, ce qui serait favorable à l'économie. Comment pouvons-nous créer la durabilité ? C'est une question qui nous tient à cœur à la MSB. La semaine dernière, nous avons mis l'accent sur quelques domaines : comment protéger les soins de santé, par exemple, mais aussi d'autres choses. Que se passera-t-il si les écoles doivent fermer ? Nous avons décrit les soins nécessaires pour que les parents puissent s'occuper de leurs enfants. Nous avons insisté sur l'importance de la planification, afin que tout fonctionne en cas de pénurie de personnel ou d'autres situations susceptibles de se produire. Le travail est en cours et la DGSM dispose d'outils. Le troisième point concerne les personnes âgées et les autres personnes qui doivent agir pour minimiser les contacts et le risque d'infection. Nous avons mis l'accent sur la société civile, la Croix-Rouge, l'Église de Suède, les missions municipales et d'autres, derrière la dernière organisation, les 18 organisations de défense volontaires. Ensuite, la critique à la source - sur la prévention de la désinformation - nous devenons encore plus vulnérables dans cette situation, soyez vigilants si vous voyez des informations qui vous bouleversent ou vous rendent euphoriques. Nous avons atteint au moins la moitié de la population suédoise grâce à la publicité sur les médias sociaux. Cette semaine, nous serons encore plus visibles, car nous travaillons en étroite collaboration avec l'Agence suédoise de la santé publique et le Conseil social, et ce de plusieurs manières. Concentrez-vous maintenant : En partie sur un plan média large et complet où nous parlons d'information, de spots publicitaires, à la télévision, à la radio, dans la publicité, dans la presse du matin, dans le numérique, etc.",2020-03-30,NA,1
1,202004011,202004011_289,"La nouvelle réglementation pour le mouvement sportif s'applique jusqu'au 31 décembre. Envisagez-vous également d'interdire les matchs de football et les séances d'entraînement ? Non, nous ne l'avons pas fait et la raison en est que les gens qui font du sport et qui bougent ont un pouvoir énorme. Notre message est de bouger davantage, de faire plus d'exercice, mais dans des conditions sûres, afin de prévenir les effets négatifs de la promiscuité. Comment, en tant qu'organisateur d'un entraînement de football ou d'un événement alimentaire, pouvez-vous garantir les conditions requises pour réduire la propagation des infections ? Par exemple, qu'il y ait des espaces pour l'hygiène. Discutez de l'importance de l'hygiène. Si le contact corporel est nécessaire pendant l'entraînement, par exemple. Et qu'il n'y ait pas d'enfants, de jeunes ou d'adultes présentant des symptômes. Et même dans ces groupes, il y a des groupes à risque qui sont inclus dans la réglementation. Ces conseils doivent être lus dans leur intégralité ; ils s'adressent également aux organisateurs. Si vous ne pouvez pas organiser la manifestation, c'est une bonne chose qu'elle soit annulée ; si vous pouvez l'organiser, c'est une bonne chose que vous fassiez du sport"". À l'Agence de santé publique de Suède... Il a été annoncé que le personnel soignant des hôpitaux du comté de Kalmar avait été infecté. Avez-vous une idée de l'étendue de la maladie en Suède ?",2020-04-01,NA,0
1,202004021,202004021_149,"Nous pouvons obtenir des informations sur les volumes par le biais de références croisées - mais l'activité est en cours depuis longtemps"" - Les efforts d'information précédents ont-ils bien fonctionné ? - Oui, et ils ont été traduits en somali. Il y a aussi d'autres facteurs qui font qu'ils sont infectés - ce n'est pas seulement à cause d'un manque d'information. - Pensez-vous que les efforts d'information antérieurs ont bien fonctionné ? - Nous ne pouvons pas en parler aujourd'hui, mais des efforts d'information étaient en cours lorsque le virus a été identifié. - Aftonbladet : un nourrisson est mort du Covid-19 aux États-Unis, est-ce inattendu ? - Nous en avons déjà parlé, lorsque vous avez une maladie qui touche un million de personnes dans le monde en peu de temps, nous aurons des événements bizarres. Les qualifier d'inattendus ou non est presque une question sémantique. Mais nous assisterons à un certain nombre d'événements étranges. Cela ne signifie pas que le danger a été sous-estimé, mais que nous avons un nourrisson sur un million de personnes, ce qui se produit avec toutes les maladies"" Plusieurs enfants de moins de 17 ans sont également décédés en Europe. Le taux de mortalité diffère-t-il entre le COVID-19 et la grippe saisonnière ordinaire ? Cela dépend de la façon dont on compte. Si nous comptons le même nombre de personnes qui tombent malades à cause de la grippe saisonnière ordinaire et que nous le comparons au COVID-19, nous ne constatons pas de différences majeures. Nous constatons également que des personnes meurent de la grippe ordinaire à un jeune âge, mais cela n'est pas reconnu"" -Gothenburgsposten, vous avez tenu une réunion hier sur l'élargissement des tests. Nous avons reçu une mission du gouvernement sur cette question, que nous sommes en train d'analyser. Je n'ai pas participé à la réunion, mais des solutions auraient dû être trouvées. Cela ne se fera pas en un jour, mais il est important de mettre en adéquation les moyens mis à disposition, du côté des laboratoires, avec les moyens mis à disposition du côté des soins de santé. Ce travail a commencé.",2020-04-02,NA,0
1,202004031,202004031_65,"Veillez également à renouveler vos ordonnances en temps utile afin de ne pas manquer de médicaments et de préserver votre santé. C'est tout pour moi, merci. La DGSM produit chaque semaine un tableau national complet de la situation. Outre la protection civile et les soins aux malades, cette situation affecte toutes les autres activités du pays. La plupart des organisations importantes sur le plan social ont un impact sur leurs activités. Ce qu'elles ont en commun, c'est que les contraintes se sont accrues, que les ressources disponibles ont été mises à rude épreuve et que la charge de travail du personnel devient écrasante dans certains domaines. Il existe un risque accru de pénurie de médicaments en raison de la demande mondiale et des perturbations des flux. Ces perturbations devraient durer longtemps. Les tensions économiques risquent d'affecter le fonctionnement de la société, y compris les enfants dans des environnements vulnérables et les groupes économiquement défavorisés. Cette situation est bien plus grave que tout ce que nous avons connu ces dernières années et il est difficile de prédire ce qui pourrait arriver. Nous sommes bien placés pour y faire face si tout le monde prévoit d'importantes pénuries de personnel et surveille les biens dont il est dépendant. Il est nécessaire d'adopter une perspective qui englobe l'ensemble de la société. Les soins de santé en sont le noyau, mais la plupart des organisations sont interdépendantes. À l'heure actuelle, la MSB, ainsi que les secteurs de l'énergie et des télécommunications, s'attachent tout particulièrement à minimiser le risque de pénurie d'approvisionnement. Les secteurs de l'énergie et des télécommunications sont vitaux, et les soins de santé en particulier dépendent de cette infrastructure. Chez MSB, nous constatons également que certains besoins, tels que les équipements de protection, se retrouvent également dans d'autres organisations. Jusqu'à présent, il existe des ressources à l'intérieur et à l'extérieur du secteur des soins de santé, mais nous et d'autres autorités devons être prêts à faire des compromis entre les différents besoins pour que la société puisse fonctionner.",2020-04-03,NA,0
1,202004071,202004071_243,"Il existe un groupe à risque clair : les personnes âgées de plus de 70 ans. Mais au-delà de 85-90 ans, on se trouve dans un groupe à risque encore plus important. Mais les risques sont problématiques, car il n'existe pas de données qui indiquent qu'un groupe entier présente, par définition, un risque plus élevé que les autres. Vous devez donc parler à votre médecin et réfléchir à la manière dont vous avez réagi aux infections dans le passé, ou à un traitement antérieur. Pour savoir si vous êtes plus sensible à l'infection que la moyenne des gens. L'identification de tous les diabétiques a des conséquences étranges si l'on sait que la plupart des gens ne sont pas plus à risque. Nous avons fixé la limite à 70 ans. C'est peu. Dernière question : si les jeunes enfants ne sont pas très contagieux, pourquoi les grands-parents ne peuvent-ils pas s'en occuper ? Ce groupe est si sensible que nous ne voulons pas prendre de risques. Il s'agit de combler toutes les lacunes et d'utiliser à la fois les bretelles et les ceintures à tous les niveaux. Pour le personnel et les personnes qui sont en meilleure santé, qui passent normalement du temps avec les enfants et qui rencontrent probablement de nombreux virus au quotidien, nous considérons que le risque est faible. Nous n'en voyons pas du tout ici. - Nous allons réessayer avec Sydsvenskan sur le lien. - Vous m'entendez maintenant ? Bonjour ! J'ai une question pour Anders Tegnell : L'Agence suédoise de santé publique recommande clairement que même les personnes qui ne sont pas infectées ou qui n'ont pas de symptômes évitent les voyages inutiles. Dans le même temps, le conseil régional de Scanie a déclaré qu'il n'y avait pas de problème à voyager à Pâques, à condition que ce soit à l'intérieur de la Scanie. Êtes-vous d'accord ? Quand il s'agit de voyager, il s'agit de prendre ses responsabilités et de se demander si le voyage est vraiment nécessaire.",2020-04-07,Mitigation,0
1,202004091,202004091_110,"Vous avez conclu des accords pour un milliard d'euros, mais quand ces livraisons seront-elles durables ? Il faut faire la distinction entre le travail et l'argent. Nous espérons que nous y arriverons. Mon objectif est que nous puissions répondre aux besoins aigus dans un avenir proche. Mais il m'est difficile de dire quand cela se produira. Mais nous parvenons à signer des accords que nous jugeons bons, nous obtenons des livraisons et nous pensons que nous obtiendrons d'importantes livraisons dans un avenir proche. Mais je resterai prudent quant à l'avenir. Merci, SVT. Anders Tegnell : En ce qui concerne le nombre d'habitants de la Suède qui ont ou qui ont eu un enfant, vous avez présenté des données provenant de Stockholm, où il s'est avéré que 2,5 personnes avaient un enfant, et maintenant 5 à 10, comme une estimation de la situation actuelle. Si l'on considère le nombre de personnes atteintes, quand aurons-nous des données sur les tests d'anticorps qui nous permettront de savoir combien de Suédois ont été infectés et peuvent être immunisés ? La semaine après Pâques, nous prélèverons des échantillons de sang au hasard dans les centres de santé, ce qui nous donnera de meilleures informations. La semaine après Pâques, nous prélevons des échantillons de sang au hasard dans les centres de santé, ce qui nous permettra d'obtenir de meilleures informations -TV2 Norvège, question posée au Conseil national de la santé et du bien-être. Parmi les patients en soins intensifs, combien de temps en moyenne chaque patient reste-t-il à l'hôpital ? Nous ne disposons pas vraiment de ces chiffres, nous sommes en train d'obtenir ces données, mais elles varient beaucoup. Je ne sais pas si Anders Tegnell a... On a parlé de 8 à 9 jours, mais il y a de grandes variations, certains patients entrent et sortent presque immédiatement, d'autres restent assez longtemps. Mais la moyenne que j'ai entendue à Göteborg en particulier se situait à peu près là.",2020-04-09,NA,0
1,202004131,202004131_71,"Oui. Nous avons un conseil général : un appel à tout le monde, pour que vous n'alliez pas à des événements plus importants en ce moment, où vous ne pouvez pas garder vos distances. C'est le conseil général que vous devez suivre. Ekot : Pensez-vous que les remises de diplômes et les manifestations étudiantes devraient être purement et simplement annulées ? Ce n'est pas vraiment à nous d'annuler les choses de cette manière. Nous avons notre conseil général qui continue de s'appliquer et qui s'appliquera probablement à l'avenir. Nous n'avons pas encore vu le pic, et nous ne savons pas à quelle vitesse il diminuera. Jusqu'à ce que nous sachions quel est le degré d'infection de la population, etc., il est difficile de supprimer le conseil de protéger les personnes âgées et que tout le monde devrait aider. Il est difficile de donner des conseils concrets, mais je pense que les conseils et les règles resteront en place pendant un certain temps encore"" - Certaines écoles qui ont annulé leurs cérémonies de remise des diplômes ont donc fait un choix judicieux ? - Je ne veux pas faire de commentaires à ce sujet. Il appartient à chacun de décider combien de temps il peut attendre avant de prendre une telle décision. - Parmi les personnes de moins de 70 ans en soins intensifs, quelle est la maladie à risque la plus fréquente ou le groupe à risque auquel elles appartiennent ? -En dessous de 70 ans, ce que j'ai vu, ceux qui sont traités en soins intensifs sont, comme mentionné précédemment, les maladies cardiovasculaires, le diabète, les maladies pulmonaires, qui sont à des âges très jeunes. Mais je ne peux pas dire jusqu'où cela va en dessous de 70 ans. -Mais les statistiques, l'hypertension artérielle est une barre haute dans votre graphique. Il est très courant que les personnes de plus de 70 ans en souffrent, mais une personne de 40 ans en bonne santé qui souffre d'hypertension doit-elle s'inquiéter ? C'est l'âge qui est le principal facteur de risque.",2020-04-13,Mitigation,0
2,202004131,202004131_247,"Oui. Nous avons un conseil général : un appel à tout le monde, pour que vous n'alliez pas à des événements plus importants en ce moment, où vous ne pouvez pas garder vos distances. C'est le conseil général que vous devez suivre. Ekot : Pensez-vous que les remises de diplômes et les manifestations étudiantes devraient être complètement annulées ? Ce n'est pas vraiment à nous d'annuler les choses de cette manière. Nous avons notre conseil général qui continue de s'appliquer et qui s'appliquera probablement à l'avenir. Nous n'avons pas encore vu le pic, et nous ne savons pas à quelle vitesse il diminuera. Jusqu'à ce que nous sachions quel est le degré d'infection dans la population, etc., il est difficile de supprimer le conseil de protéger les personnes âgées et que tout le monde doit les aider. Il est difficile de donner des conseils concrets, mais on peut supposer que les conseils et les règles resteront en place pendant un certain temps encore"" - Les écoles qui ont annulé leurs cérémonies de remise des diplômes ont-elles fait un choix judicieux ? - Je ne veux pas faire de commentaires à ce sujet. C'est à chaque individu de décider combien de temps il peut attendre avant de prendre une telle décision. - Parmi les personnes de moins de 70 ans en soins intensifs, quelle est la maladie à risque la plus courante, ou le groupe à risque, auquel elles appartiennent ? -En dessous de 70 ans, ce que j'ai vu, ceux qui sont soignés en soins intensifs sont, comme mentionné précédemment, les maladies cardiovasculaires, le diabète, les maladies pulmonaires, qui sont à plusieurs âges. Mais jusqu'à 70 ans, je ne peux pas dire. -Mais les statistiques, l'hypertension artérielle est une barre haute dans votre graphique. Il est très courant que les personnes de plus de 70 ans en souffrent, mais une personne de 40 ans en bonne santé qui souffre d'hypertension doit-elle s'inquiéter ? C'est l'âge qui est le principal facteur de risque.",2020-04-13,NA,0
1,202004161,202004161_47,"Il est important d'être prudent dans ces environnements. Si l'on considère les personnes décédées, cela devient encore plus clair. Si l'on regarde la Suède, on constate qu'environ la moitié des personnes décédées en Suède proviennent de maisons de repos. La moitié à Stockholm, mais un peu moins si l'on considère l'ensemble du pays. Mais quoi qu'il en soit, une grande proportion provient de ces établissements. Nous y travaillons - il semble qu'à Stockholm, nous ayons réussi à atteindre la courbe bleue. Nous sommes loin d'avoir atteint la courbe en pointillés correspondant à la capacité maximale en matière de soins de santé, alors que la modélisation indiquait que nous aurions dépassé ce niveau depuis longtemps. Ce qui est nouveau aujourd'hui, c'est que nous avons examiné - nous commençons à examiner différentes choses en permanence. Nous nous sommes notamment penchés sur les compétitions, les matchs et autres, en particulier pour les enfants et les jeunes. La Confédération suédoise des sports a estimé que nos conseils généraux n'étaient pas clairs. Nous pensons qu'il est très important que les enfants et les jeunes sortent et s'entraînent. La différence entre la compétition et l'entraînement dans ce groupe n'est pas si grande. Mais nous avons fini par faire des exceptions et par dire ""vous pouvez jouer des matches dans les sports pour enfants et pour jeunes"", mais vous ne devez pas y venir si vous êtes malade, vous devez vous assurer qu'il n'y a pas de foule lors des matches - et il doit y avoir la possibilité d'une bonne hygiène en rapport avec les matches. Mais nous estimons que les risques sont très faibles et les bénéfices très importants pour les jeunes. Les matches des seniors, en revanche, doivent être reportés jusqu'à ce que la situation soit beaucoup plus calme. Enfin, il est très important de se rappeler que maintenant que nous avons un bon développement, nous ne devons pas le perdre. C'est un grand problème dans tout travail de prévention : lorsque les choses commencent à bien se passer, on pense qu'on peut s'arrêter, mais ce n'est pas possible. Restez chez vous si vous êtes malade, faites attention aux personnes de 70 ans et plus, elles peuvent sortir et marcher, mais n'ont pas beaucoup de contacts sociaux. Pensez aussi à l'hygiène de base et évitez les voyages inutiles, assurez-vous qu'il y a de la distance entre nous lorsque nous nous rencontrons. C'est tout pour aujourd'hui. Johanna : Nous continuons à augmenter la capacité des soins intensifs en Suède.",2020-04-16,Mitigation,0
2,202004161,202004161_221,"Est-ce le cas, et si oui, pouvez-vous nous en dire plus à ce sujet ? -Il n'y a pas grand-chose à enseigner. Il n'y a pas grand-chose à développer. Si l'on considère l'ensemble du tableau, on peut se demander si la société a été plus touchée que par les pandémies de grippe que nous avons connues au cours des 100 dernières années, ou si elle a été moins touchée. Nous retournons dans la salle. Gothenburgsposten : Vous avez parlé tout à l'heure des sports pour les jeunes. Qu'en est-il des matchs de football au niveau senior, doivent-ils être évités ? -Je ne pense pas. Il y a des règlements qui disent qu'il ne faut pas jouer de matchs seniors, mais nous avons fait une exception pour les sports d'enfants et de jeunes, parce que le risque de propagation de l'infection est faible. D'autre part, les règlements disent qu'il ne faut pas organiser de matchs compétitifs au niveau senior. -Ekot ? -Qu'est-ce qui, selon vous, allait augmenter après le week-end de Pâques ? Décédés, infectés ? -Infectés en premier lieu. C'est ce qui arrive en premier. -Ok. D'autres questions ?",2020-04-16,NA,0
1,202004201,202004201_28,"Cela signifie que nous avons des courbes aussi plates, il est donc important de continuer dans cette voie. En ce qui concerne le nombre de décès par jour, il y en a assez peu le lundi, parce qu'il y a un certain retard. Nous savons que ce retard n'est plus aussi important et qu'au moins 50 % de tous les cas sont traités dans les jours qui suivent, et après 7 jours, nous avons au moins 90 % des cas. En ce moment, nous traitons au moins 60 dossiers par jour. Nous avons réussi à rester en dessous de la ligne pointillée, ce qui fait qu'il y a plus de lits d'hôpitaux que nécessaire. Mais cela dépend du respect des recommandations et des règles du gouvernement et des autorités. On a parlé de ce que cela signifiait pour le reste du système de soins de santé, on a parlé du fait que d'autres diagnostics seraient recherchés moins souvent. Nous ne savons pas ce que cela signifie, mais nous le suivrons. Le programme de vaccination des enfants, qui est important pour la prévention, continue de fonctionner. Mais 97 % de la population mondiale reçoit toujours les vaccins de base, et 86 % des filles ont reçu l'important vaccin contre le papillomavirus. C'est une bonne nouvelle. Encore une fois, n'oubliez pas de rester chez vous si vous êtes malade. Si vous avez plus de 70 ans, réduisez vos contacts avec les autres, mais n'hésitez pas à sortir et à vous promener. Gardez vos distances à l'intérieur et à l'extérieur. Nous commençons à recevoir des rapports inquiétants de différentes parties du pays, selon lesquels les activités de plein air sont à nouveau un peu surpeuplées. Nous espérons que les municipalités et les régions garderont un œil sur les restaurants afin qu'ils respectent les règles. C'est tout pour aujourd'hui, merci Anders.",2020-04-20,Mitigation,0
1,202004211,202004211_90,"Je suis à votre disposition pour répondre à vos questions, s'il y en a, en particulier celles qui ne relèvent pas de la responsabilité de l'Agence de santé publique ou du Conseil national de la santé et de l'action sociale. -Je vous remercie. Ekot : J'allais commencer par poser une question sur le Danemark, qui pourrait autoriser des foules allant jusqu'à 500 personnes à partir du 11 mai. Envisagez-vous également de le faire ? Pas pour le moment. Nous n'avons aucun plan à ce sujet pour le moment. Nous sommes en train d'examiner à quel moment il pourrait être pertinent de faire diverses concessions, et lesquelles devraient être faites en premier lieu. Nous sommes sur un plateau - le danger n'est pas écarté. Nous sommes à un niveau différent de celui du Danemark, les écoles sont ouvertes, nous ne sommes donc pas aussi pressés qu'eux. La présidente de la Commission européenne, Ursula von der Leyen, a parlé de la possibilité de voyager cet été. Qu'en pensez-vous ? -""Mes collègues et moi-même avons du mal à dire que la situation est déjà si bonne qu'il sera possible de voyager cet été. Les taux de mortalité sont sur un plateau, quand pourront-ils baisser ? Les décès sont plus longs à se manifester, car il faut d'abord que les gens soient vraiment malades avant qu'ils ne meurent malheureusement. Cette courbe sera à la traîne - je ne sais pas quand elle baissera. La courbe des cas n'a pas baissé non plus. -le 5/4, Karin Tegmark Witsell a déclaré que d'ici quelques semaines, elle souhaitait tester 100 000 personnes par semaine, et la semaine dernière, 20 000 échantillons ont été analysés.",2020-04-21,NA,1
2,202004211,202004211_175,"Nous avons des restrictions pour l'ensemble du pays. Nous examinerons ce que nous pouvons faire. Il sera-t-il possible d'ouvrir des restaurants en plein air à Stockholm, mais pas à Göteborg, par exemple ? Je ne peux pas le dire, mais nous étudions différentes options. Mais l'évolution de la situation dans le pays est un facteur. Avez-vous effectué des modélisations à Göteborg ou ailleurs ? Non, la semaine prochaine, les résultats d'une étude menée en Suède seront disponibles, dans laquelle nous examinerons la propagation de l'infection dans le reste du pays, à un moment donné, et à partir de laquelle nous pourrons peut-être établir de tels modèles. Il faudra attendre et voir -Expressen. Sur le même thème : la géographie, est-il pertinent d'ouvrir les écoles secondaires supérieures à Stockholm plus tôt que dans d'autres endroits ? instinctivement, je pense que l'on ouvre en même temps dans tout le pays, mais nous n'en sommes pas là. Nous en discuterons avec le conseil scolaire. Nous en discuterons. Mais il s'agit avant tout de savoir comment la propagation de l'infection se présente. Je pense que la première chose est que les règles s'appliqueront à l'ensemble du pays. Il s'agit de 6 à 700 000 Stockholmois. Nous ne disposons pas de données de base à ce sujet. Nous avons les cas que nous présentons ici et qui figurent sur le site web, mais il s'agit de ceux qui sont pris en charge par le système de santé. La structure d'âge de la société peut peut-être être examinée en partie sur la base de l'échantillon aléatoire, mais il est probablement trop petit à ce jour pour commenter les groupes d'âge individuels"" - La personne qui a mené l'étude peut être trouvée par la suite - J'ai une question pour Anders : Pouvez-vous décrire les avantages de la stratégie suédoise, qui se concentre sur la protection des faibles, sans fermer le pays, comme nous l'avons vu dans d'autres parties de l'Europe ?",2020-04-21,NA,0
1,202004221,202004221_195,"Cela peut être dû aux vacances de Pâques, pendant lesquelles le personnel avait beaucoup à faire et n'a peut-être pas signalé les décès. Êtes-vous sur un plateau ? Comment l'évaluez-vous ? Cela s'est étalé sur plusieurs jours. Cela n'affecte pas l'apparence de la courbe. -Étant donné que c'était une erreur et qu'il y a eu de telles critiques sur le manque de transparence des modèles que vous utilisez pour prendre des décisions, serez-vous plus transparents maintenant ? Nous avons été transparents tout le temps et le modèle sera publié et disponible pour tout le monde. Tout le monde peut télécharger des données sur le site web. Une question sur les écoles. Dans mon pays, des écoles doivent être ouvertes et de nouvelles recherches montrent que les enfants ne s'infectent pas tant que cela. Mais lorsque la Suède a décidé de laisser les écoles ouvertes, vous avez dit que - sur quoi avez-vous fondé cette décision, quelle était l'étude que vous connaissiez et que d'autres ignoraient ? - Nous en savons encore peu sur la maladie, en particulier sur son mode de transmission, mais les premières données en provenance de Chine indiquaient que les enfants n'étaient pas très vulnérables à l'infection. Ces données étaient disponibles de différentes manières, selon la façon dont elles étaient interprétées. Je ne sais pas sur quelles nouvelles données les autorités françaises s'appuient, je n'ai pas vu de nouvelles données sur la propagation dans les écoles, mais il existe des données indiquant que les enfants ne tombent pas très malades, et il y a moins de données provenant d'autres pays qui indiquent que les enfants ne sont pas infectieux pendant longtemps. Dans certaines écoles suédoises, nous avons eu des cas isolés, mais nous n'avons rien trouvé. Je me demandais aussi ce que vous pensiez des efforts déployés au Danemark, par exemple, mais aussi en France - il faut des groupes plus petits, 15 par classe, une distance de 2 mètres entre les enfants, une grande distance sociale qui rend l'enseignement et l'organisation difficiles. Ce que je vois en Suède, dans l'école de mes enfants et dans d'autres écoles, c'est qu'il n'y a pas grand-chose de plus que de se laver les mains et de rester à la maison en cas de symptômes. La situation est différente, les écoles ont été complètement fermées et l'on craint alors un pic de cas. En Suède, la propagation a toujours été faible, même dans les écoles, et nous n'avons donc pas à nous inquiéter de tels pics. Il existe toutefois un certain nombre de recommandations pour les écoles suédoises également, afin de réduire la distance. Mais ce n'est pas un environnement facile pour de telles règles, c'est clair en Suède aussi - et je pense que la France aura du mal à faire en sorte que cela fonctionne pour les jeunes enfants. Il y a une logique derrière tout cela, je le comprends, car si vous rassemblez des enfants qui n'ont été en contact avec personne, il y a un risque que plusieurs d'entre eux soient infectés en même temps. Même s'ils ne tombent pas malades en même temps, certains le seront. C'est probablement un moyen judicieux d'ouvrir une société en toute sécurité. Le poste - Oui, une question sur le taux de mortalité. Le SCB dit qu'il n'y a pas de baisse du nombre de décès. Mais il est plutôt stable. Est-ce le cas ? Et comment expliquer qu'il y ait une si grande... - Je ne pense pas qu'il y ait une si grande différence. En lisant les chiffres - ce sont à peu près les mêmes chiffres et les mêmes données de base sur lesquelles nous nous appuyons, nous avons le même registre des décès que le SCB, ils mesurent sur une période un peu plus courte.",2020-04-22,Mitigation,1
2,202004221,202004221_240,"Nous menons des enquêtes dans tout le pays pour déterminer l'ampleur de la propagation de l'infection, et nous ne voyons que la partie émergée de l'iceberg. Nous ne voyons que la partie émergée de l'iceberg. Mais dans les régions du pays où l'infection est moins répandue, il y a un risque d'épidémies majeures si les gens y voyagent. Que pensez-vous de l'ouverture de Gotland au tourisme cet été ? Nous verrons bien. Il est trop tôt pour le dire. Cela peut aller très vite. Gothenburgsposten, bonjour, une question pour Anders Tegnell : En ce qui concerne l'étudiant, de nombreuses municipalités ont annulé les célébrations. Mais je sais qu'il y a des différences entre les directeurs d'écoles privées et les directeurs d'écoles municipales en ce qui concerne le saut, et que pensez-vous du fait d'aller sur un plateau ? Nous sommes en train d'étudier la question, mais en ce qui concerne les célébrations, les mêmes recommandations s'appliquent comme pour tout, il n'y a pas de raison de les changer. Nous discutons de la manière dont nous envisageons l'examen avec l'Agence nationale suédoise pour l'éducation. Mais lorsqu'il s'agit de planifier des festivités importantes, la règle des 50 personnes s'applique également. -Expressen, vous avez répondu à une question précédente, selon laquelle d'autres régions peuvent suivre une voie différente de celle de Stockholm - laquelle ? Et y a-t-il une région que vous considérez comme un nouveau centre d'infection en Suède ? Non, il n'y a pas de région qui change radicalement, la plupart restent relativement stables. Certaines régions sont petites et comptent peu de cas, il est donc difficile de faire des prévisions raisonnables"" -TT - Oui, une courte question. Si je comprends bien, il y aura une conférence de presse à 16h30 où le gouvernement et l'Agence de santé publique de Suède seront présents, de quoi s'agit-il ?",2020-04-22,NA,1
1,202004231,202004231_193,"C'est peut-être dû aux vacances de Pâques, où le personnel avait beaucoup à faire et où les décès n'ont peut-être pas été signalés. Êtes-vous sur un plateau ? Comment l'évaluez-vous ? Cela s'est étalé sur plusieurs jours. Cela n'a pas d'incidence sur l'aspect de la courbe. -Etant donné que c'était faux, et qu'il y a eu de telles critiques sur le manque de transparence dans les modèles que vous utilisez pour prendre des décisions, allez-vous être plus transparents maintenant ? Nous avons été transparents tout le temps, et le modèle sera publié et disponible pour tout le monde. Tout le monde peut télécharger des données sur le site web. Une question sur les écoles. Dans mon pays, des écoles doivent être ouvertes et de nouvelles recherches montrent que les enfants ne s'infectent pas tant que cela. Mais lorsque la Suède a décidé de laisser les écoles ouvertes, vous avez dit que - sur quoi avez-vous fondé cette décision, quelle était l'étude que vous connaissiez et que d'autres ignoraient ? - Nous en savons encore peu sur la maladie, en particulier sur son mode de transmission, mais les premières données en provenance de Chine indiquaient que les enfants n'étaient pas très vulnérables à l'infection. Ces données étaient disponibles de différentes manières, selon la façon dont elles étaient interprétées. Je ne sais pas sur quelles nouvelles données les autorités françaises s'appuient, je n'ai pas vu de nouvelles données sur la propagation dans les écoles, mais certaines données indiquent que les enfants ne tombent pas très malades, et il y a moins de données provenant d'autres pays qui indiquent que les enfants ne sont pas infectieux pendant longtemps. Dans certaines écoles suédoises, nous avons eu des cas isolés, mais nous n'avons rien trouvé. Je me demandais aussi ce que vous pensiez des efforts faits au Danemark, par exemple, mais aussi en France - vous devez avoir des groupes plus petits, 15 par classe, 2 mètres de distance entre les enfants, beaucoup de distanciation sociale qui rend l'enseignement et l'organisation difficiles. Ce que je vois en Suède, dans l'école de mes enfants et dans d'autres écoles, c'est qu'il n'y a pas grand-chose de plus que de se laver les mains et de rester à la maison en cas de symptômes. La situation est différente, les écoles ont été complètement fermées et l'on craint alors un pic de cas. En Suède, la propagation a toujours été faible, même dans les écoles, et nous n'avons donc pas à nous inquiéter de tels pics. Il existe toutefois un certain nombre de recommandations pour les écoles suédoises également, afin de réduire la distance. Mais ce n'est pas un environnement facile pour de telles règles, c'est clair en Suède aussi - et je pense que la France aura du mal à faire en sorte que cela fonctionne pour les jeunes enfants. Il y a une logique derrière tout cela, je le comprends, car si vous rassemblez des enfants qui n'ont été en contact avec personne, il y a un risque que plusieurs d'entre eux soient infectés en même temps. Même s'ils ne tombent pas malades en même temps, certains le seront. C'est probablement un moyen judicieux d'ouvrir une société en toute sécurité. Le courrier - Oui, une question sur le taux de mortalité. Statistics Sweden dit qu'il n'y a pas de ralentissement des décès. Mais il est plutôt stable. Est-ce le cas ? Et comment expliquer qu'il y ait une si grande... - Je ne pense pas qu'il y ait une si grande différence. En lisant les chiffres - ce sont à peu près les mêmes chiffres et les mêmes données de base sur lesquelles nous nous appuyons, nous avons le même registre des décès que le SCB, ils mesurent sur une période un peu plus courte.",2020-04-23,NA,1
2,202004231,202004231_240,"Nous menons des enquêtes dans tout le pays pour déterminer l'ampleur de la propagation de l'infection, et nous ne voyons que la partie émergée de l'iceberg. Nous ne voyons que la partie émergée de l'iceberg. Mais dans les régions du pays où l'infection est moins répandue, il y a un risque d'épidémies majeures si les gens y voyagent. Que pensez-vous de l'ouverture de Gotland au tourisme cet été ? Nous verrons bien. Il est trop tôt pour le dire. Cela peut aller très vite. Gothenburgsposten, bonjour, une question pour Anders Tegnell : En ce qui concerne l'étudiant, de nombreuses municipalités ont annulé les célébrations. Mais je sais qu'il y a des différences entre les directeurs d'écoles privées et les directeurs d'écoles municipales en ce qui concerne le saut, et que pensez-vous du fait de voyager sur un plateau ? Nous sommes en train d'étudier la question, mais en ce qui concerne les célébrations, les mêmes recommandations s'appliquent comme pour tout le reste, il n'y a pas de raison de les changer. Nous discutons de la manière dont nous envisageons l'examen avec l'Agence nationale suédoise pour l'éducation. Mais lorsqu'il s'agit de planifier de grandes festivités, la règle des 50 personnes s'applique également. -Expressen, vous avez répondu à une question précédente, selon laquelle d'autres régions peuvent suivre une voie différente de celle de Stockholm - laquelle ? Et y a-t-il une région que vous considérez comme un nouveau centre d'infection en Suède ? Non, il n'y a pas de région qui change radicalement, la plupart restent relativement stables. Certaines régions sont petites et comptent peu de cas, il est donc difficile de faire des prévisions raisonnables"" -TT - Oui, une courte question. Si j'ai bien compris, il y aura une conférence de presse à 16h30 où le gouvernement et l'Agence de santé publique de Suède seront présents, de quoi s'agit-il ?",2020-04-23,NA,1
3,202004231,202004231_376,"""Est-ce vraiment suffisant de rester chez soi quand on est malade, si la majeure partie de la propagation de l'infection se fait par des personnes qui ne savent pas qu'elles sont infectées ? Je ne sais pas si c'est ce que Johan voulait dire. Beaucoup de gens peuvent avoir des symptômes très légers. Dans des cas normaux, vous n'auriez pas réagi au fait que vous étiez malade ; vous ne vous sentez pas malade, vous iriez normalement travailler. Nous pensons que c'est une mesure importante. Les autres sont protégés par les autres mesures que nous avons, telles que garder leurs distances, se laver les mains, la distanciation sociale et d'autres mesures. La chose la plus importante que vous puissiez faire est de rester chez vous en cas de maladie. -Tt : Avez-vous évalué la fermeture des écoles secondaires supérieures, ce qu'elle a signifié ? -Il est difficile d'évaluer des interventions individuelles dans une situation totalement nouvelle. -Il est difficile d'évaluer des interventions individuelles dans une situation totalement nouvelle et d'évaluer les causes d'une épidémie en cours. On peut en apprendre davantage à ce sujet par la suite. Il est difficile d'évaluer les interventions individuelles dans une situation totalement nouvelle et d'évaluer les causes de l'épidémie en cours. Il est possible d'en apprendre davantage à ce sujet en fin de compte. Il n'est pas question d'ouvrir les écoles secondaires au printemps ? Non, en principe, la situation n'a pas changé - donc non. Ekot : J'allais demander, sur une longue période, la propagation de l'infection a augmenté et une phase de plateau est clairement observée. Non, nous disons qu'il s'agit d'une phase de plateau, nos modélisateurs disent qu'elle peut être assez longue selon leurs modèles. Je suis sûr que si nous recommençons soudainement à vivre normalement, les choses pourraient évoluer différemment. Même si cela peut sembler idiot d'avoir un plateau et non un déclin, c'est mieux que l'alternative"" -GP : Je me demande, Anders Wallensten, un cas confirmé de 75 et un autre de 75, si cela s'applique au reste de la Suède - Non, seulement à Stockholm. -Per Folin a dit hier que tout le monde devrait se comporter comme les 70+, je me demande ce que vous en pensez. Il a également dit qu'il s'agissait d'une période critique. Cela signifie-t-il que nous nous trouvons dans une période encore plus critique que par le passé ?",2020-04-23,NA,0
1,202004241,202004241_82,"Nous avons commencé à recevoir les images de la situation que nous avons commandées aux municipalités par l'intermédiaire des conseils administratifs des comtés - avec une image de la situation rapportée à 75 %, nous assurons la qualité et pouvons probablement prendre de meilleures décisions basées sur des faits, de sorte que nous puissions établir des priorités correctement en fonction de l'équipement de protection dont nous disposons. C'est tout pour moi - merci. Tout d'abord, je voudrais rappeler que, que l'on interprète ou non la courbe comme un ralentissement de l'infection, le système de soins de santé est lourdement sollicité, et ce quelques semaines après la propagation de l'infection. La charge n'est pas uniformément répartie, mais nous la suivons en permanence. Nous avons publié des documents de priorisation des soins de santé, qui ont été discutés, nous avons reçu, en coordination avec la SKR, des indications selon lesquelles notre soutien aux priorités est utilisé, et nous n'avons pas d'indications selon lesquelles quelque chose d'autre s'applique. Je voudrais également dire que les plaintes aiguës qui ne sont pas liées à la covid -19, les soins sont fonctionnels, personne n'est priorisé qui a besoin de soins, allez à la visite à laquelle vous êtes appelé. Je voudrais également dire un mot sur le groupe à risque qui peut être particulièrement gravement touché. Nous avons fourni une base permettant au gouvernement de prendre une décision sur une nouvelle forme de soutien, elle a été fournie en peu de temps et sera complétée au fur et à mesure de l'émergence de nouvelles connaissances. Il y a eu des questions, cela ne s'applique pas aux enfants mais seulement aux adultes, il y a eu une demande pour cette clarification. Nous fournissons un soutien pour faciliter la planification des soins de santé - aujourd'hui, nous avons un support de connaissances avec COVID-19 dans les foyers pour personnes atteintes de démence, un support pour le personnel et les directeurs, parce que les personnes âgées sont un groupe à risque et que les personnes atteintes de démence ont des difficultés à suivre ce qui doit être suivi, et qu'elles peuvent avoir un comportement qui augmente le risque de propagation de l'infection, dans le document il y a des conseils pour réduire la propagation de l'infection et l'exacerbation de la maladie dans les circonstances spéciales qui s'appliquent. Mais il n'y a pas de nouvelles règles ou instructions sur les mesures coercitives. Je vous remercie. -Chaque semaine, la DGSM produit un tableau de la situation nationale dans lequel nous évaluons les conséquences de la pandémie sur la société dans son ensemble, notre capacité à évaluer la situation, les conséquences pour la démocratie, etc. Pour cette évaluation, nous partons des activités socialement importantes partout - l'approvisionnement en électricité, l'alimentation, les soins de santé, etc. Elle est basée sur les rapports des conseils administratifs des comtés et des autorités centrales, et cette semaine, nous constatons un impact modéré sur la plupart des secteurs. Cela peut signifier que la situation des ressources est difficile, qu'il faut établir des priorités plus strictes ou que la charge de travail du personnel est à la limite, mais que la situation est bien gérée dans l'ensemble. Les soins de santé constituent une exception, car ils sont gravement touchés dans certains endroits, ce dont le Conseil national de la santé et du bien-être rend compte régulièrement ici.",2020-04-24,Mitigation,0
